iso_code;continent;location;date;total_cases;new_cases;new_cases_smoothed;total_deaths;new_deaths;new_deaths_smoothed;total_cases_per_million;new_cases_per_million;new_cases_smoothed_per_million;total_deaths_per_million;new_deaths_per_million;new_deaths_smoothed_per_million;total_tests;new_tests;total_tests_per_thousand;new_tests_per_thousand;new_tests_smoothed;new_tests_smoothed_per_thousand;tests_per_case;positive_rate;tests_units;stringency_index;population;population_density;median_age;aged_65_older;aged_70_older;gdp_per_capita;extreme_poverty;cardiovasc_death_rate;diabetes_prevalence;female_smokers;male_smokers;handwashing_facilities;hospital_beds_per_thousand;life_expectancy;human_development_index
AUT;Europe;Austria;2019-12-31;;0;;;0;;;0;;;0;;;;;;;;;;;;9006400;106,749;44,4;19,202;13,748;45436,686;0,7;145,183;6,35;28,4;30,9;;7,37;81,54;0,908
AUT;Europe;Austria;2020-01-01;;0;;;0;;;0;;;0;;;;;;;;;;;0;9006400;106,749;44,4;19,202;13,748;45436,686;0,7;145,183;6,35;28,4;30,9;;7,37;81,54;0,908
AUT;Europe;Austria;2020-01-02;;0;;;0;;;0;;;0;;;;;;;;;;;0;9006400;106,749;44,4;19,202;13,748;45436,686;0,7;145,183;6,35;28,4;30,9;;7,37;81,54;0,908
AUT;Europe;Austria;2020-01-03;;0;;;0;;;0;;;0;;;;;;;;;;;0;9006400;106,749;44,4;19,202;13,748;45436,686;0,7;145,183;6,35;28,4;30,9;;7,37;81,54;0,908
AUT;Europe;Austria;2020-01-04;;0;;;0;;;0;;;0;;;;;;;;;;;0;9006400;106,749;44,4;19,202;13,748;45436,686;0,7;145,183;6,35;28,4;30,9;;7,37;81,54;0,908
AUT;Europe;Austria;2020-01-05;;0;;;0;;;0;;;0;;;;;;;;;;;0;9006400;106,749;44,4;19,202;13,748;45436,686;0,7;145,183;6,35;28,4;30,9;;7,37;81,54;0,908
AUT;Europe;Austria;2020-01-06;;0;0;;0;0;;0;0;;0;0;;;;;;;;;;0;9006400;106,749;44,4;19,202;13,748;45436,686;0,7;145,183;6,35;28,4;30,9;;7,37;81,54;0,908
AUT;Europe;Austria;2020-01-07;;0;0;;0;0;;0;0;;0;0;;;;;;;;;;0;9006400;106,749;44,4;19,202;13,748;45436,686;0,7;145,183;6,35;28,4;30,9;;7,37;81,54;0,908
AUT;Europe;Austria;2020-01-08;;0;0;;0;0;;0;0;;0;0;;;;;;;;;;0;9006400;106,749;44,4;19,202;13,748;45436,686;0,7;145,183;6,35;28,4;30,9;;7,37;81,54;0,908
AUT;Europe;Austria;2020-01-09;;0;0;;0;0;;0;0;;0;0;;;;;;;;;;0;9006400;106,749;44,4;19,202;13,748;45436,686;0,7;145,183;6,35;28,4;30,9;;7,37;81,54;0,908
AUT;Europe;Austria;2020-01-10;;0;0;;0;0;;0;0;;0;0;;;;;;;;;;0;9006400;106,749;44,4;19,202;13,748;45436,686;0,7;145,183;6,35;28,4;30,9;;7,37;81,54;0,908
AUT;Europe;Austria;2020-01-11;;0;0;;0;0;;0;0;;0;0;;;;;;;;;;0;9006400;106,749;44,4;19,202;13,748;45436,686;0,7;145,183;6,35;28,4;30,9;;7,37;81,54;0,908
AUT;Europe;Austria;2020-01-12;;0;0;;0;0;;0;0;;0;0;;;;;;;;;;0;9006400;106,749;44,4;19,202;13,748;45436,686;0,7;145,183;6,35;28,4;30,9;;7,37;81,54;0,908
AUT;Europe;Austria;2020-01-13;;0;0;;0;0;;0;0;;0;0;;;;;;;;;;0;9006400;106,749;44,4;19,202;13,748;45436,686;0,7;145,183;6,35;28,4;30,9;;7,37;81,54;0,908
AUT;Europe;Austria;2020-01-14;;0;0;;0;0;;0;0;;0;0;;;;;;;;;;0;9006400;106,749;44,4;19,202;13,748;45436,686;0,7;145,183;6,35;28,4;30,9;;7,37;81,54;0,908
AUT;Europe;Austria;2020-01-15;;0;0;;0;0;;0;0;;0;0;;;;;;;;;;0;9006400;106,749;44,4;19,202;13,748;45436,686;0,7;145,183;6,35;28,4;30,9;;7,37;81,54;0,908
AUT;Europe;Austria;2020-01-16;;0;0;;0;0;;0;0;;0;0;;;;;;;;;;0;9006400;106,749;44,4;19,202;13,748;45436,686;0,7;145,183;6,35;28,4;30,9;;7,37;81,54;0,908
AUT;Europe;Austria;2020-01-17;;0;0;;0;0;;0;0;;0;0;;;;;;;;;;0;9006400;106,749;44,4;19,202;13,748;45436,686;0,7;145,183;6,35;28,4;30,9;;7,37;81,54;0,908
AUT;Europe;Austria;2020-01-18;;0;0;;0;0;;0;0;;0;0;;;;;;;;;;0;9006400;106,749;44,4;19,202;13,748;45436,686;0,7;145,183;6,35;28,4;30,9;;7,37;81,54;0,908
AUT;Europe;Austria;2020-01-19;;0;0;;0;0;;0;0;;0;0;;;;;;;;;;0;9006400;106,749;44,4;19,202;13,748;45436,686;0,7;145,183;6,35;28,4;30,9;;7,37;81,54;0,908
AUT;Europe;Austria;2020-01-20;;0;0;;0;0;;0;0;;0;0;;;;;;;;;;0;9006400;106,749;44,4;19,202;13,748;45436,686;0,7;145,183;6,35;28,4;30,9;;7,37;81,54;0,908
AUT;Europe;Austria;2020-01-21;;0;0;;0;0;;0;0;;0;0;;;;;;;;;;0;9006400;106,749;44,4;19,202;13,748;45436,686;0,7;145,183;6,35;28,4;30,9;;7,37;81,54;0,908
AUT;Europe;Austria;2020-01-22;;0;0;;0;0;;0;0;;0;0;;;;;;;;;;0;9006400;106,749;44,4;19,202;13,748;45436,686;0,7;145,183;6,35;28,4;30,9;;7,37;81,54;0,908
AUT;Europe;Austria;2020-01-23;;0;0;;0;0;;0;0;;0;0;;;;;;;;;;0;9006400;106,749;44,4;19,202;13,748;45436,686;0,7;145,183;6,35;28,4;30,9;;7,37;81,54;0,908
AUT;Europe;Austria;2020-01-24;;0;0;;0;0;;0;0;;0;0;;;;;;;;;;0;9006400;106,749;44,4;19,202;13,748;45436,686;0,7;145,183;6,35;28,4;30,9;;7,37;81,54;0,908
AUT;Europe;Austria;2020-01-25;;0;0;;0;0;;0;0;;0;0;;;;;;;;;;0;9006400;106,749;44,4;19,202;13,748;45436,686;0,7;145,183;6,35;28,4;30,9;;7,37;81,54;0,908
AUT;Europe;Austria;2020-01-26;;0;0;;0;0;;0;0;;0;0;;;;;;;;;;0;9006400;106,749;44,4;19,202;13,748;45436,686;0,7;145,183;6,35;28,4;30,9;;7,37;81,54;0,908
AUT;Europe;Austria;2020-01-27;;0;0;;0;0;;0;0;;0;0;;;;;;;;;;0;9006400;106,749;44,4;19,202;13,748;45436,686;0,7;145,183;6,35;28,4;30,9;;7,37;81,54;0,908
AUT;Europe;Austria;2020-01-28;;0;0;;0;0;;0;0;;0;0;;;;;;;;;;0;9006400;106,749;44,4;19,202;13,748;45436,686;0,7;145,183;6,35;28,4;30,9;;7,37;81,54;0,908
AUT;Europe;Austria;2020-01-29;;0;0;;0;0;;0;0;;0;0;;;;;;;;;;0;9006400;106,749;44,4;19,202;13,748;45436,686;0,7;145,183;6,35;28,4;30,9;;7,37;81,54;0,908
AUT;Europe;Austria;2020-01-30;;0;0;;0;0;;0;0;;0;0;;;;;;;;;;0;9006400;106,749;44,4;19,202;13,748;45436,686;0,7;145,183;6,35;28,4;30,9;;7,37;81,54;0,908
AUT;Europe;Austria;2020-01-31;;0;0;;0;0;;0;0;;0;0;;;;;;;;;;0;9006400;106,749;44,4;19,202;13,748;45436,686;0,7;145,183;6,35;28,4;30,9;;7,37;81,54;0,908
AUT;Europe;Austria;2020-02-01;;0;0;;0;0;;0;0;;0;0;;;;;;;;;;0;9006400;106,749;44,4;19,202;13,748;45436,686;0,7;145,183;6,35;28,4;30,9;;7,37;81,54;0,908
AUT;Europe;Austria;2020-02-02;;0;0;;0;0;;0;0;;0;0;;;;;;;;;;0;9006400;106,749;44,4;19,202;13,748;45436,686;0,7;145,183;6,35;28,4;30,9;;7,37;81,54;0,908
AUT;Europe;Austria;2020-02-03;;0;0;;0;0;;0;0;;0;0;;;;;;;;;;0;9006400;106,749;44,4;19,202;13,748;45436,686;0,7;145,183;6,35;28,4;30,9;;7,37;81,54;0,908
AUT;Europe;Austria;2020-02-04;;0;0;;0;0;;0;0;;0;0;;;;;;;;;;0;9006400;106,749;44,4;19,202;13,748;45436,686;0,7;145,183;6,35;28,4;30,9;;7,37;81,54;0,908
AUT;Europe;Austria;2020-02-05;;0;0;;0;0;;0;0;;0;0;;;;;;;;;;0;9006400;106,749;44,4;19,202;13,748;45436,686;0,7;145,183;6,35;28,4;30,9;;7,37;81,54;0,908
AUT;Europe;Austria;2020-02-06;;0;0;;0;0;;0;0;;0;0;;;;;;;;;;0;9006400;106,749;44,4;19,202;13,748;45436,686;0,7;145,183;6,35;28,4;30,9;;7,37;81,54;0,908
AUT;Europe;Austria;2020-02-07;;0;0;;0;0;;0;0;;0;0;;;;;;;;;;0;9006400;106,749;44,4;19,202;13,748;45436,686;0,7;145,183;6,35;28,4;30,9;;7,37;81,54;0,908
AUT;Europe;Austria;2020-02-08;;0;0;;0;0;;0;0;;0;0;;;;;;;;;;0;9006400;106,749;44,4;19,202;13,748;45436,686;0,7;145,183;6,35;28,4;30,9;;7,37;81,54;0,908
AUT;Europe;Austria;2020-02-09;;0;0;;0;0;;0;0;;0;0;;;;;;;;;;0;9006400;106,749;44,4;19,202;13,748;45436,686;0,7;145,183;6,35;28,4;30,9;;7,37;81,54;0,908
AUT;Europe;Austria;2020-02-10;;0;0;;0;0;;0;0;;0;0;;;;;;;;;;0;9006400;106,749;44,4;19,202;13,748;45436,686;0,7;145,183;6,35;28,4;30,9;;7,37;81,54;0,908
AUT;Europe;Austria;2020-02-11;;0;0;;0;0;;0;0;;0;0;;;;;;;;;;0;9006400;106,749;44,4;19,202;13,748;45436,686;0,7;145,183;6,35;28,4;30,9;;7,37;81,54;0,908
AUT;Europe;Austria;2020-02-12;;0;0;;0;0;;0;0;;0;0;;;;;;;;;;0;9006400;106,749;44,4;19,202;13,748;45436,686;0,7;145,183;6,35;28,4;30,9;;7,37;81,54;0,908
AUT;Europe;Austria;2020-02-13;;0;0;;0;0;;0;0;;0;0;;;;;;;;;;0;9006400;106,749;44,4;19,202;13,748;45436,686;0,7;145,183;6,35;28,4;30,9;;7,37;81,54;0,908
AUT;Europe;Austria;2020-02-14;;0;0;;0;0;;0;0;;0;0;;;;;;;;;;0;9006400;106,749;44,4;19,202;13,748;45436,686;0,7;145,183;6,35;28,4;30,9;;7,37;81,54;0,908
AUT;Europe;Austria;2020-02-15;;0;0;;0;0;;0;0;;0;0;;;;;;;;;;0;9006400;106,749;44,4;19,202;13,748;45436,686;0,7;145,183;6,35;28,4;30,9;;7,37;81,54;0,908
AUT;Europe;Austria;2020-02-16;;0;0;;0;0;;0;0;;0;0;;;;;;;;;;0;9006400;106,749;44,4;19,202;13,748;45436,686;0,7;145,183;6,35;28,4;30,9;;7,37;81,54;0,908
AUT;Europe;Austria;2020-02-17;;0;0;;0;0;;0;0;;0;0;;;;;;;;;;0;9006400;106,749;44,4;19,202;13,748;45436,686;0,7;145,183;6,35;28,4;30,9;;7,37;81,54;0,908
AUT;Europe;Austria;2020-02-18;;0;0;;0;0;;0;0;;0;0;;;;;;;;;;0;9006400;106,749;44,4;19,202;13,748;45436,686;0,7;145,183;6,35;28,4;30,9;;7,37;81,54;0,908
AUT;Europe;Austria;2020-02-19;;0;0;;0;0;;0;0;;0;0;;;;;;;;;;0;9006400;106,749;44,4;19,202;13,748;45436,686;0,7;145,183;6,35;28,4;30,9;;7,37;81,54;0,908
AUT;Europe;Austria;2020-02-20;;0;0;;0;0;;0;0;;0;0;;;;;;;;;;0;9006400;106,749;44,4;19,202;13,748;45436,686;0,7;145,183;6,35;28,4;30,9;;7,37;81,54;0,908
AUT;Europe;Austria;2020-02-21;;0;0;;0;0;;0;0;;0;0;;;;;;;;;;0;9006400;106,749;44,4;19,202;13,748;45436,686;0,7;145,183;6,35;28,4;30,9;;7,37;81,54;0,908
AUT;Europe;Austria;2020-02-22;;0;0;;0;0;;0;0;;0;0;;;;;;;;;;0;9006400;106,749;44,4;19,202;13,748;45436,686;0,7;145,183;6,35;28,4;30,9;;7,37;81,54;0,908
AUT;Europe;Austria;2020-02-23;;0;0;;0;0;;0;0;;0;0;;;;;;;;;;0;9006400;106,749;44,4;19,202;13,748;45436,686;0,7;145,183;6,35;28,4;30,9;;7,37;81,54;0,908
AUT;Europe;Austria;2020-02-24;;0;0;;0;0;;0;0;;0;0;;;;;;;;;;11,11;9006400;106,749;44,4;19,202;13,748;45436,686;0,7;145,183;6,35;28,4;30,9;;7,37;81,54;0,908
AUT;Europe;Austria;2020-02-25;;0;0;;0;0;;0;0;;0;0;218;;0,024;;;;;;tests performed;11,11;9006400;106,749;44,4;19,202;13,748;45436,686;0,7;145,183;6,35;28,4;30,9;;7,37;81,54;0,908
AUT;Europe;Austria;2020-02-26;2;2;0,286;;0;0;0,222;0,222;0,032;;0;0;321;103;0,036;0,011;;;;;tests performed;11,11;9006400;106,749;44,4;19,202;13,748;45436,686;0,7;145,183;6,35;28,4;30,9;;7,37;81,54;0,908
AUT;Europe;Austria;2020-02-27;2;0;0,286;;0;0;0,222;0;0,032;;0;0;447;126;0,05;0,014;;;;;tests performed;11,11;9006400;106,749;44,4;19,202;13,748;45436,686;0,7;145,183;6,35;28,4;30,9;;7,37;81,54;0,908
AUT;Europe;Austria;2020-02-28;5;3;0,714;;0;0;0,555;0,333;0,079;;0;0;763;316;0,085;0,035;;;;;tests performed;11,11;9006400;106,749;44,4;19,202;13,748;45436,686;0,7;145,183;6,35;28,4;30,9;;7,37;81,54;0,908
AUT;Europe;Austria;2020-02-29;7;2;1;;0;0;0,777;0,222;0,111;;0;0;1649;886;0,183;0,098;;;;;tests performed;11,11;9006400;106,749;44,4;19,202;13,748;45436,686;0,7;145,183;6,35;28,4;30,9;;7,37;81,54;0,908
AUT;Europe;Austria;2020-03-01;10;3;1,429;;0;0;1,11;0,333;0,159;;0;0;;;;;;;;;tests performed;11,11;9006400;106,749;44,4;19,202;13,748;45436,686;0,7;145,183;6,35;28,4;30,9;;7,37;81,54;0,908
AUT;Europe;Austria;2020-03-02;14;4;2;;0;0;1,554;0,444;0,222;;0;0;;;;;;;;;tests performed;11,11;9006400;106,749;44,4;19,202;13,748;45436,686;0,7;145,183;6,35;28,4;30,9;;7,37;81,54;0,908
AUT;Europe;Austria;2020-03-03;18;4;2,571;;0;0;1,999;0,444;0,286;;0;0;2683;;0,298;;352;0,039;;;tests performed;11,11;9006400;106,749;44,4;19,202;13,748;45436,686;0,7;145,183;6,35;28,4;30,9;;7,37;81,54;0,908
AUT;Europe;Austria;2020-03-04;24;6;3,143;;0;0;2,665;0,666;0,349;;0;0;3138;455;0,348;0,051;402;0,045;127,909;0,008;tests performed;11,11;9006400;106,749;44,4;19,202;13,748;45436,686;0,7;145,183;6,35;28,4;30,9;;7,37;81,54;0,908
AUT;Europe;Austria;2020-03-05;29;5;3,857;;0;0;3,22;0,555;0,428;;0;0;3711;573;0,412;0,064;466;0,052;120,815;0,008;tests performed;11,11;9006400;106,749;44,4;19,202;13,748;45436,686;0,7;145,183;6,35;28,4;30,9;;7,37;81,54;0,908
AUT;Europe;Austria;2020-03-06;41;12;5,143;;0;0;4,552;1,332;0,571;;0;0;4000;289;0,444;0,032;462;0,051;89,833;0,011;tests performed;11,11;9006400;106,749;44,4;19,202;13,748;45436,686;0,7;145,183;6,35;28,4;30,9;;7,37;81,54;0,908
AUT;Europe;Austria;2020-03-07;74;33;9,571;;0;0;8,216;3,664;1,063;;0;0;4308;308;0,478;0,034;380;0,042;39,701;0,025;tests performed;11,11;9006400;106,749;44,4;19,202;13,748;45436,686;0,7;145,183;6,35;28,4;30,9;;7,37;81,54;0,908
AUT;Europe;Austria;2020-03-08;99;25;12,714;;0;0;10,992;2,776;1,412;;0;0;4509;201;0,501;0,022;359;0,04;28,236;0,035;tests performed;11,11;9006400;106,749;44,4;19,202;13,748;45436,686;0,7;145,183;6,35;28,4;30,9;;7,37;81,54;0,908
AUT;Europe;Austria;2020-03-09;102;3;12,571;;0;0;11,325;0,333;1,396;;0;0;4734;225;0,526;0,025;342;0,038;27,205;0,037;tests performed;19,44;9006400;106,749;44,4;19,202;13,748;45436,686;0,7;145,183;6,35;28,4;30,9;;7,37;81,54;0,908
AUT;Europe;Austria;2020-03-10;131;29;16,143;;0;0;14,545;3,22;1,792;;0;0;5026;292;0,558;0,032;335;0,037;20,752;0,048;tests performed;19,44;9006400;106,749;44,4;19,202;13,748;45436,686;0,7;145,183;6,35;28,4;30,9;;7,37;81,54;0,908
AUT;Europe;Austria;2020-03-11;182;51;22,571;;0;0;20,208;5,663;2,506;;0;0;5362;336;0,595;0,037;318;0,035;14,089;0,071;tests performed;30,56;9006400;106,749;44,4;19,202;13,748;45436,686;0,7;145,183;6,35;28,4;30,9;;7,37;81,54;0,908
AUT;Europe;Austria;2020-03-12;246;64;31;;0;0;27,314;7,106;3,442;;0;0;5869;507;0,652;0,056;308;0,034;9,935;0,101;tests performed;34,26;9006400;106,749;44,4;19,202;13,748;45436,686;0,7;145,183;6,35;28,4;30,9;;7,37;81,54;0,908
AUT;Europe;Austria;2020-03-13;361;115;45,714;1;1;0,143;40,083;12,769;5,076;0,111;0,111;0,016;6582;713;0,731;0,079;369;0,041;8,072;0,124;tests performed;48,15;9006400;106,749;44,4;19,202;13,748;45436,686;0,7;145,183;6,35;28,4;30,9;;7,37;81,54;0,908
AUT;Europe;Austria;2020-03-14;504;143;61,429;1;0;0,143;55,96;15,878;6,821;0,111;0;0,016;7467;885;0,829;0,098;451;0,05;7,342;0,136;tests performed;48,15;9006400;106,749;44,4;19,202;13,748;45436,686;0,7;145,183;6,35;28,4;30,9;;7,37;81,54;0,908
AUT;Europe;Austria;2020-03-15;655;151;79,429;1;0;0,143;72,726;16,766;8,819;0,111;0;0,016;8167;700;0,907;0,078;523;0,058;6,585;0,152;tests performed;48,15;9006400;106,749;44,4;19,202;13,748;45436,686;0,7;145,183;6,35;28,4;30,9;;7,37;81,54;0,908
AUT;Europe;Austria;2020-03-16;860;205;108,286;1;0;0,143;95,488;22,762;12,023;0,111;0;0,016;8490;323;0,943;0,036;537;0,06;4,959;0,202;tests performed;85,19;9006400;106,749;44,4;19,202;13,748;45436,686;0,7;145,183;6,35;28,4;30,9;;7,37;81,54;0,908
AUT;Europe;Austria;2020-03-17;1016;156;126,429;3;2;0,429;112,809;17,321;14,038;0,333;0,222;0,048;10278;1788;1,141;0,199;750;0,083;5,932;0,169;tests performed;85,19;9006400;106,749;44,4;19,202;13,748;45436,686;0,7;145,183;6,35;28,4;30,9;;7,37;81,54;0,908
AUT;Europe;Austria;2020-03-18;1332;316;164,286;3;0;0,429;147,895;35,086;18,241;0,333;0;0,048;11977;1699;1,33;0,189;945;0,105;5,752;0,174;tests performed;85,19;9006400;106,749;44,4;19,202;13,748;45436,686;0,7;145,183;6,35;28,4;30,9;;7,37;81,54;0,908
AUT;Europe;Austria;2020-03-19;1646;314;200;4;1;0,571;182,759;34,864;22,206;0,444;0,111;0,063;13724;1747;1,524;0,194;1122;0,125;5,61;0,178;tests performed;85,19;9006400;106,749;44,4;19,202;13,748;45436,686;0,7;145,183;6,35;28,4;30,9;;7,37;81,54;0,908
AUT;Europe;Austria;2020-03-20;2196;550;262,143;6;2;0,714;243,827;61,068;29,106;0,666;0,222;0,079;15613;1889;1,734;0,21;1290;0,143;4,921;0,203;tests performed;85,19;9006400;106,749;44,4;19,202;13,748;45436,686;0,7;145,183;6,35;28,4;30,9;;7,37;81,54;0,908
AUT;Europe;Austria;2020-03-21;2649;453;306,429;6;0;0,714;294,124;50,298;34,023;0,666;0;0,079;18545;2932;2,059;0,326;1583;0,176;5,166;0,194;tests performed;85,19;9006400;106,749;44,4;19,202;13,748;45436,686;0,7;145,183;6,35;28,4;30,9;;7,37;81,54;0,908
AUT;Europe;Austria;2020-03-22;3024;375;338,429;8;2;1;335,761;41,637;37,576;0,888;0,222;0,111;21368;2823;2,373;0,313;1886;0,209;5,573;0,179;tests performed;85,19;9006400;106,749;44,4;19,202;13,748;45436,686;0,7;145,183;6,35;28,4;30,9;;7,37;81,54;0,908
AUT;Europe;Austria;2020-03-23;3631;607;395,857;16;8;2,143;403,158;67,397;43,953;1,777;0,888;0,238;23429;2061;2,601;0,229;2134;0,237;5,391;0,186;tests performed;85,19;9006400;106,749;44,4;19,202;13,748;45436,686;0,7;145,183;6,35;28,4;30,9;;7,37;81,54;0,908
AUT;Europe;Austria;2020-03-24;4486;855;495,714;25;9;3,143;498,09;94,932;55,04;2,776;0,999;0,349;28391;4962;3,152;0,551;2588;0,287;5,221;0,192;tests performed;85,19;9006400;106,749;44,4;19,202;13,748;45436,686;0,7;145,183;6,35;28,4;30,9;;7,37;81,54;0,908
AUT;Europe;Austria;2020-03-25;5282;796;564,286;30;5;3,857;586,472;88,382;62,654;3,331;0,555;0,428;32407;4016;3,598;0,446;2919;0,324;5,173;0,193;tests performed;85,19;9006400;106,749;44,4;19,202;13,748;45436,686;0,7;145,183;6,35;28,4;30,9;;7,37;81,54;0,908
AUT;Europe;Austria;2020-03-26;5888;606;606;34;4;4,286;653,757;67,285;67,285;3,775;0,444;0,476;35995;3588;3,997;0,398;3182;0,353;5,251;0,19;tests performed;85,19;9006400;106,749;44,4;19,202;13,748;45436,686;0,7;145,183;6,35;28,4;30,9;;7,37;81,54;0,908
AUT;Europe;Austria;2020-03-27;7029;1141;690,429;52;18;6,571;780,445;126,688;76,66;5,774;1,999;0,73;39552;3557;4,392;0,395;3420;0,38;4,953;0,202;tests performed;85,19;9006400;106,749;44,4;19,202;13,748;45436,686;0,7;145,183;6,35;28,4;30,9;;7,37;81,54;0,908
AUT;Europe;Austria;2020-03-28;7697;668;721,143;68;16;8,857;854,614;74,169;80,07;7,55;1,777;0,983;42750;3198;4,747;0,355;3458;0,384;4,795;0,209;tests performed;85,19;9006400;106,749;44,4;19,202;13,748;45436,686;0,7;145,183;6,35;28,4;30,9;;7,37;81,54;0,908
AUT;Europe;Austria;2020-03-29;8291;594;752,429;68;0;8,571;920,568;65,953;83,544;7,55;0;0,952;46441;3691;5,156;0,41;3582;0,398;4,761;0,21;tests performed;85,19;9006400;106,749;44,4;19,202;13,748;45436,686;0,7;145,183;6,35;28,4;30,9;;7,37;81,54;0,908
AUT;Europe;Austria;2020-03-30;8813;522;740,286;86;18;10;978,526;57,959;82,196;9,549;1,999;1,11;49455;3014;5,491;0,335;3718;0,413;5,022;0,199;tests performed;85,19;9006400;106,749;44,4;19,202;13,748;45436,686;0,7;145,183;6,35;28,4;30,9;;7,37;81,54;0,908
AUT;Europe;Austria;2020-03-31;9618;805;733,143;108;22;11,857;1067,907;89,381;81,402;11,991;2,443;1,317;52344;2889;5,812;0,321;3422;0,38;4,668;0,214;tests performed;85,19;9006400;106,749;44,4;19,202;13,748;45436,686;0,7;145,183;6,35;28,4;30,9;;7,37;81,54;0,908
AUT;Europe;Austria;2020-04-01;10182;564;700;128;20;14;1130,529;62,622;77,723;14,212;2,221;1,554;55863;3519;6,203;0,391;3351;0,372;4,787;0,209;tests performed;85,19;9006400;106,749;44,4;19,202;13,748;45436,686;0,7;145,183;6,35;28,4;30,9;;7,37;81,54;0,908
AUT;Europe;Austria;2020-04-02;10711;529;689;146;18;16;1189,265;58,736;76,501;16,211;1,999;1,777;92190;36327;10,236;4,033;8028;0,891;11,652;0,086;tests performed;85,19;9006400;106,749;44,4;19,202;13,748;45436,686;0,7;145,183;6,35;28,4;30,9;;7,37;81,54;0,908
AUT;Europe;Austria;2020-04-03;11129;418;585,714;158;12;15,143;1235,677;46,411;65,033;17,543;1,332;1,681;98343;6153;10,919;0,683;8399;0,933;14,34;0,07;tests performed;85,19;9006400;106,749;44,4;19,202;13,748;45436,686;0,7;145,183;6,35;28,4;30,9;;7,37;81,54;0,908
AUT;Europe;Austria;2020-04-04;11525;396;546,857;168;10;14,286;1279,646;43,969;60,719;18,653;1,11;1,586;104134;5791;11,562;0,643;8769;0,974;16,035;0,062;tests performed;85,19;9006400;106,749;44,4;19,202;13,748;45436,686;0,7;145,183;6,35;28,4;30,9;;7,37;81,54;0,908
AUT;Europe;Austria;2020-04-05;11766;241;496,429;186;18;16,857;1306,404;26,759;55,12;20,652;1,999;1,872;108416;4282;12,038;0,475;8854;0,983;17,835;0,056;tests performed;85,19;9006400;106,749;44,4;19,202;13,748;45436,686;0,7;145,183;6,35;28,4;30,9;;7,37;81,54;0,908
AUT;Europe;Austria;2020-04-06;11983;217;452,857;204;18;16,857;1330,498;24,094;50,282;22,651;1,999;1,872;111296;2880;12,357;0,32;8834;0,981;19,507;0,051;tests performed;85,19;9006400;106,749;44,4;19,202;13,748;45436,686;0,7;145,183;6,35;28,4;30,9;;7,37;81,54;0,908
AUT;Europe;Austria;2020-04-07;12297;314;382,714;220;16;16;1365,362;34,864;42,494;24,427;1,777;1,777;115235;3939;12,795;0,437;8984;0,998;23,474;0,043;tests performed;85,19;9006400;106,749;44,4;19,202;13,748;45436,686;0,7;145,183;6,35;28,4;30,9;;7,37;81,54;0,908
AUT;Europe;Austria;2020-04-08;12640;343;351,143;243;23;16,429;1403,446;38,084;38,988;26,981;2,554;1,824;120755;5520;13,408;0,613;9270;1,029;26,4;0,038;tests performed;85,19;9006400;106,749;44,4;19,202;13,748;45436,686;0,7;145,183;6,35;28,4;30,9;;7,37;81,54;0,908
AUT;Europe;Austria;2020-04-09;12969;329;322,571;273;30;18,143;1439,976;36,53;35,816;30,312;3,331;2,014;126287;5532;14,022;0,614;4871;0,541;15,101;0,066;tests performed;85,19;9006400;106,749;44,4;19,202;13,748;45436,686;0,7;145,183;6,35;28,4;30,9;;7,37;81,54;0,908
AUT;Europe;Austria;2020-04-10;13248;279;302,714;295;22;19,571;1470,954;30,978;33,611;32,754;2,443;2,173;134743;8456;14,961;0,939;5200;0,577;17,178;0,058;tests performed;85,19;9006400;106,749;44,4;19,202;13,748;45436,686;0,7;145,183;6,35;28,4;30,9;;7,37;81,54;0,908
AUT;Europe;Austria;2020-04-11;13560;312;290,714;319;24;21,571;1505,596;34,642;32,279;35,419;2,665;2,395;140975;6232;15,653;0,692;5263;0,584;18,104;0,055;tests performed;85,19;9006400;106,749;44,4;19,202;13,748;45436,686;0,7;145,183;6,35;28,4;30,9;;7,37;81,54;0,908
AUT;Europe;Austria;2020-04-12;13807;247;291,571;337;18;21,571;1533,021;27,425;32,374;37,418;1,999;2,395;144877;3902;16,086;0,433;5209;0,578;17,865;0,056;tests performed;85,19;9006400;106,749;44,4;19,202;13,748;45436,686;0,7;145,183;6,35;28,4;30,9;;7,37;81,54;0,908
AUT;Europe;Austria;2020-04-13;13937;130;279,143;350;13;20,857;1547,455;14,434;30,994;38,861;1,443;2,316;148412;3535;16,479;0,392;5302;0,589;18,994;0,053;tests performed;85,19;9006400;106,749;44,4;19,202;13,748;45436,686;0,7;145,183;6,35;28,4;30,9;;7,37;81,54;0,908
AUT;Europe;Austria;2020-04-14;14043;106;249,429;368;18;21,143;1559,225;11,769;27,695;40,86;1,999;2,348;151796;3384;16,854;0,376;5223;0,58;20,94;0,048;tests performed;81,48;9006400;106,749;44,4;19,202;13,748;45436,686;0,7;145,183;6,35;28,4;30,9;;7,37;81,54;0,908
AUT;Europe;Austria;2020-04-15;14234;191;227,714;384;16;20,143;1580,432;21,207;25,284;42,636;1,777;2,237;156801;5005;17,41;0,556;5149;0,572;22,612;0,044;tests performed;81,48;9006400;106,749;44,4;19,202;13,748;45436,686;0,7;145,183;6,35;28,4;30,9;;7,37;81,54;0,908
AUT;Europe;Austria;2020-04-16;14370;136;200,143;393;9;17,143;1595,532;15,1;22,222;43,636;0,999;1,903;162816;6015;18,078;0,668;5218;0,579;26,071;0,038;tests performed;81,48;9006400;106,749;44,4;19,202;13,748;45436,686;0,7;145,183;6,35;28,4;30,9;;7,37;81,54;0,908
AUT;Europe;Austria;2020-04-17;14448;78;171,429;410;17;16,429;1604,193;8,661;19,034;45,523;1,888;1,824;169272;6456;18,795;0,717;4933;0,548;28,776;0,035;tests performed;81,48;9006400;106,749;44,4;19,202;13,748;45436,686;0,7;145,183;6,35;28,4;30,9;;7,37;81,54;0,908
AUT;Europe;Austria;2020-04-18;14603;155;149;431;21;16;1621,403;17,21;16,544;47,855;2,332;1,777;175932;6660;19,534;0,739;4994;0,554;33,517;0,03;tests performed;81,48;9006400;106,749;44,4;19,202;13,748;45436,686;0,7;145,183;6,35;28,4;30,9;;7,37;81,54;0,908
AUT;Europe;Austria;2020-04-19;14662;59;122,143;443;12;15,143;1627,953;6,551;13,562;49,187;1,332;1,681;179243;3311;19,902;0,368;4909;0,545;40,191;0,025;tests performed;81,48;9006400;106,749;44,4;19,202;13,748;45436,686;0,7;145,183;6,35;28,4;30,9;;7,37;81,54;0,908
AUT;Europe;Austria;2020-04-20;14710;48;110,429;452;9;14,571;1633,283;5,33;12,261;50,187;0,999;1,618;182949;3706;20,313;0,411;4934;0,548;44,68;0,022;tests performed;81,48;9006400;106,749;44,4;19,202;13,748;45436,686;0,7;145,183;6,35;28,4;30,9;;7,37;81,54;0,908
AUT;Europe;Austria;2020-04-21;14783;73;105,714;462;10;13,429;1641,388;8,105;11,738;51,297;1,11;1,491;189018;6069;20,987;0,674;5317;0,59;50,296;0,02;tests performed;81,48;9006400;106,749;44,4;19,202;13,748;45436,686;0,7;145,183;6,35;28,4;30,9;;7,37;81,54;0,908
AUT;Europe;Austria;2020-04-22;14833;50;85,571;463;1;11,286;1646,94;5,552;9,501;51,408;0,111;1,253;201794;12776;22,406;1,419;6428;0,714;75,119;0,013;tests performed;81,48;9006400;106,749;44,4;19,202;13,748;45436,686;0,7;145,183;6,35;28,4;30,9;;7,37;81,54;0,908
AUT;Europe;Austria;2020-04-23;14924;91;79,143;494;31;14,429;1657,044;10,104;8,787;54,85;3,442;1,602;205835;4041;22,854;0,449;6146;0,682;77,657;0,013;tests performed;78,7;9006400;106,749;44,4;19,202;13,748;45436,686;0,7;145,183;6,35;28,4;30,9;;7,37;81,54;0,908
AUT;Europe;Austria;2020-04-24;14985;61;76,714;508;14;14;1663,817;6,773;8,518;56,404;1,554;1,554;212686;6851;23,615;0,761;6202;0,689;80,845;0,012;tests performed;78,7;9006400;106,749;44,4;19,202;13,748;45436,686;0,7;145,183;6,35;28,4;30,9;;7,37;81,54;0,908
AUT;Europe;Austria;2020-04-25;15068;83;66,429;513;5;11,714;1673,033;9,216;7,376;56,959;0,555;1,301;221089;8403;24,548;0,933;6451;0,716;97,112;0,01;tests performed;78,7;9006400;106,749;44,4;19,202;13,748;45436,686;0,7;145,183;6,35;28,4;30,9;;7,37;81,54;0,908
AUT;Europe;Austria;2020-04-26;15134;66;67,429;536;23;13,286;1680,361;7,328;7,487;59,513;2,554;1,475;227631;6542;25,274;0,726;6913;0,768;102,523;0,01;tests performed;78,7;9006400;106,749;44,4;19,202;13,748;45436,686;0,7;145,183;6,35;28,4;30,9;;7,37;81,54;0,908
AUT;Europe;Austria;2020-04-27;15189;55;68,429;542;6;12,857;1686,467;6,107;7,598;60,179;0,666;1,428;232537;4906;25,819;0,545;7084;0,787;103,524;0,01;tests performed;78,7;9006400;106,749;44,4;19,202;13,748;45436,686;0,7;145,183;6,35;28,4;30,9;;7,37;81,54;0,908
AUT;Europe;Austria;2020-04-28;15256;67;67,571;549;7;12,429;1693,907;7,439;7,503;60,957;0,777;1,38;239578;7041;26,601;0,782;7223;0,802;106,894;0,009;tests performed;78,7;9006400;106,749;44,4;19,202;13,748;45436,686;0,7;145,183;6,35;28,4;30,9;;7,37;81,54;0,908
AUT;Europe;Austria;2020-04-29;15314;58;68,714;569;20;15,143;1700,346;6,44;7,629;63,177;2,221;1,681;247754;8176;27,509;0,908;6566;0,729;95,555;0,01;tests performed;78,7;9006400;106,749;44,4;19,202;13,748;45436,686;0,7;145,183;6,35;28,4;30,9;;7,37;81,54;0,908
AUT;Europe;Austria;2020-04-30;15364;50;62,857;580;11;12,286;1705,898;5,552;6,979;64,399;1,221;1,364;256399;8645;28,469;0,96;7223;0,802;114,911;0,009;tests performed;78,7;9006400;106,749;44,4;19,202;13,748;45436,686;0,7;145,183;6,35;28,4;30,9;;7,37;81,54;0,908
AUT;Europe;Austria;2020-05-01;15424;60;62,714;584;4;10,857;1712,56;6,662;6,963;64,843;0,444;1,205;264079;7680;29,321;0,853;7342;0,815;117,071;0,009;tests performed;71,3;9006400;106,749;44,4;19,202;13,748;45436,686;0,7;145,183;6,35;28,4;30,9;;7,37;81,54;0,908
AUT;Europe;Austria;2020-05-02;15458;34;55,714;589;5;10,857;1716,335;3,775;6,186;65,398;0,555;1,205;269619;5540;29,936;0,615;6933;0,77;124,438;0,008;tests performed;68,52;9006400;106,749;44,4;19,202;13,748;45436,686;0,7;145,183;6,35;28,4;30,9;;7,37;81,54;0,908
AUT;Europe;Austria;2020-05-03;15470;12;48;596;7;8,571;1717,667;1,332;5,33;66,175;0,777;0,952;274355;4736;30,462;0,526;6675;0,741;139,062;0,007;tests performed;68,52;9006400;106,749;44,4;19,202;13,748;45436,686;0,7;145,183;6,35;28,4;30,9;;7,37;81,54;0,908
AUT;Europe;Austria;2020-05-04;15538;68;49,857;598;2;8;1725,218;7,55;5,536;66,397;0,222;0,888;279071;4716;30,986;0,524;6648;0,738;133,341;0,007;tests performed;64,81;9006400;106,749;44,4;19,202;13,748;45436,686;0,7;145,183;6,35;28,4;30,9;;7,37;81,54;0,908
AUT;Europe;Austria;2020-05-05;15569;31;44,714;600;2;7,286;1728,66;3,442;4,965;66,619;0,222;0,809;285883;6812;31,742;0,756;6615;0,734;147,939;0,007;tests performed;64,81;9006400;106,749;44,4;19,202;13,748;45436,686;0,7;145,183;6,35;28,4;30,9;;7,37;81,54;0,908
AUT;Europe;Austria;2020-05-06;15586;17;38,857;606;6;5,286;1730,547;1,888;4,314;67,285;0,666;0,587;292254;6371;32,45;0,707;6357;0,706;163,599;0,006;tests performed;64,81;9006400;106,749;44,4;19,202;13,748;45436,686;0,7;145,183;6,35;28,4;30,9;;7,37;81,54;0,908
AUT;Europe;Austria;2020-05-07;15651;65;41;608;2;4;1737,764;7,217;4,552;67,508;0,222;0,444;297894;5640;33,076;0,626;5928;0,658;144,585;0,007;tests performed;64,81;9006400;106,749;44,4;19,202;13,748;45436,686;0,7;145,183;6,35;28,4;30,9;;7,37;81,54;0,908
AUT;Europe;Austria;2020-05-08;15673;22;35,571;609;1;3,571;1740,207;2,443;3,95;67,619;0,111;0,397;304069;6175;33,761;0,686;5713;0,634;160,606;0,006;tests performed;64,81;9006400;106,749;44,4;19,202;13,748;45436,686;0,7;145,183;6,35;28,4;30,9;;7,37;81,54;0,908
AUT;Europe;Austria;2020-05-09;15735;62;39,571;614;5;3,571;1747,091;6,884;4,394;68,174;0,555;0,397;311690;7621;34,608;0,846;6010;0,667;151,877;0,007;tests performed;64,81;9006400;106,749;44,4;19,202;13,748;45436,686;0,7;145,183;6,35;28,4;30,9;;7,37;81,54;0,908
AUT;Europe;Austria;2020-05-10;15777;42;43,857;615;1;2,714;1751,754;4,663;4,87;68,285;0,111;0,301;316508;4818;35,143;0,535;6022;0,669;137,309;0,007;tests performed;64,81;9006400;106,749;44,4;19,202;13,748;45436,686;0,7;145,183;6,35;28,4;30,9;;7,37;81,54;0,908
AUT;Europe;Austria;2020-05-11;15787;10;35,571;618;3;2,857;1752,865;1,11;3,95;68,618;0,333;0,317;319484;2976;35,473;0,33;5773;0,641;162,293;0,006;tests performed;59,26;9006400;106,749;44,4;19,202;13,748;45436,686;0,7;145,183;6,35;28,4;30,9;;7,37;81,54;0,908
AUT;Europe;Austria;2020-05-12;15874;87;43,571;620;2;2,857;1762,524;9,66;4,838;68,84;0,222;0,317;329314;9830;36,564;1,091;6204;0,689;142,387;0,007;tests performed;59,26;9006400;106,749;44,4;19,202;13,748;45436,686;0,7;145,183;6,35;28,4;30,9;;7,37;81,54;0,908
AUT;Europe;Austria;2020-05-13;15910;36;46,286;623;3;2,429;1766,522;3,997;5,139;69,173;0,333;0,27;336252;6938;37,335;0,77;6285;0,698;135,787;0,007;tests performed;59,26;9006400;106,749;44,4;19,202;13,748;45436,686;0,7;145,183;6,35;28,4;30,9;;7,37;81,54;0,908
AUT;Europe;Austria;2020-05-14;15964;54;44,714;624;1;2,286;1772,517;5,996;4,965;69,284;0,111;0,254;344606;8354;38,262;0,928;6673;0,741;149,236;0,007;tests performed;59,26;9006400;106,749;44,4;19,202;13,748;45436,686;0,7;145,183;6,35;28,4;30,9;;7,37;81,54;0,908
AUT;Europe;Austria;2020-05-15;16005;41;47,429;626;2;2,429;1777,07;4,552;5,266;69,506;0,222;0,27;351351;6745;39,011;0,749;6755;0,75;142,425;0,007;tests performed;59,26;9006400;106,749;44,4;19,202;13,748;45436,686;0,7;145,183;6,35;28,4;30,9;;7,37;81,54;0,908
AUT;Europe;Austria;2020-05-16;16068;63;47,571;628;2;2;1784,065;6,995;5,282;69,728;0,222;0,222;357393;6042;39,682;0,671;6529;0,725;137,246;0,007;tests performed;59,26;9006400;106,749;44,4;19,202;13,748;45436,686;0,7;145,183;6,35;28,4;30,9;;7,37;81,54;0,908
AUT;Europe;Austria;2020-05-17;16140;72;51,857;628;0;1,857;1792,059;7,994;5,758;69,728;0;0,206;362509;5116;40,25;0,568;6572;0,73;126,733;0,008;tests performed;59,26;9006400;106,749;44,4;19,202;13,748;45436,686;0,7;145,183;6,35;28,4;30,9;;7,37;81,54;0,908
AUT;Europe;Austria;2020-05-18;16154;14;52,429;629;1;1,571;1793,613;1,554;5,821;69,839;0,111;0,174;365873;3364;40,624;0,374;6627;0,736;126,401;0,008;tests performed;55,56;9006400;106,749;44,4;19,202;13,748;45436,686;0,7;145,183;6,35;28,4;30,9;;7,37;81,54;0,908
AUT;Europe;Austria;2020-05-19;16179;25;43,571;629;0;1,286;1796,389;2,776;4,838;69,839;0;0,143;372435;6562;41,352;0,729;6160;0,684;141,377;0,007;tests performed;55,56;9006400;106,749;44,4;19,202;13,748;45436,686;0,7;145,183;6,35;28,4;30,9;;7,37;81,54;0,908
AUT;Europe;Austria;2020-05-20;16257;78;49,571;632;3;1,286;1805,05;8,661;5,504;70,172;0,333;0,143;379592;7157;42,147;0,795;6191;0,687;124,89;0,008;tests performed;55,56;9006400;106,749;44,4;19,202;13,748;45436,686;0,7;145,183;6,35;28,4;30,9;;7,37;81,54;0,908
AUT;Europe;Austria;2020-05-21;16275;18;44,429;633;1;1,286;1807,048;1,999;4,933;70,283;0,111;0,143;;;;;5776;0,641;130,006;0,008;tests performed;55,56;9006400;106,749;44,4;19,202;13,748;45436,686;0,7;145,183;6,35;28,4;30,9;;7,37;81,54;0,908
AUT;Europe;Austria;2020-05-22;16332;57;46,714;633;0;1;1813,377;6,329;5,187;70,283;0;0,111;390488;;43,357;;5591;0,621;119,685;0,008;tests performed;55,56;9006400;106,749;44,4;19,202;13,748;45436,686;0,7;145,183;6,35;28,4;30,9;;7,37;81,54;0,908
AUT;Europe;Austria;2020-05-23;16361;29;41,857;635;2;1;1816,597;3,22;4,647;70,505;0,222;0,111;396363;5875;44,009;0,652;5567;0,618;133;0,008;tests performed;55,56;9006400;106,749;44,4;19,202;13,748;45436,686;0,7;145,183;6,35;28,4;30,9;;7,37;81,54;0,908
AUT;Europe;Austria;2020-05-24;16407;46;38,143;639;4;1,571;1821,705;5,107;4,235;70,95;0,444;0,174;401857;5494;44,619;0,61;5621;0,624;147,367;0,007;tests performed;55,56;9006400;106,749;44,4;19,202;13,748;45436,686;0,7;145,183;6,35;28,4;30,9;;7,37;81,54;0,908
AUT;Europe;Austria;2020-05-25;16439;32;40,714;640;1;1,571;1825,258;3,553;4,521;71,061;0,111;0,174;405341;3484;45,006;0,387;5638;0,626;138,477;0,007;tests performed;55,56;9006400;106,749;44,4;19,202;13,748;45436,686;0,7;145,183;6,35;28,4;30,9;;7,37;81,54;0,908
AUT;Europe;Austria;2020-05-26;16459;20;40;641;1;1,714;1827,478;2,221;4,441;71,172;0,111;0,19;411185;5844;45,655;0,649;5536;0,615;138,4;0,007;tests performed;55,56;9006400;106,749;44,4;19,202;13,748;45436,686;0,7;145,183;6,35;28,4;30,9;;7,37;81,54;0,908
AUT;Europe;Austria;2020-05-27;16497;38;34,286;643;2;1,571;1831,697;4,219;3,807;71,394;0,222;0,174;418706;7521;46,49;0,835;5588;0,62;162,983;0,006;tests performed;55,56;9006400;106,749;44,4;19,202;13,748;45436,686;0,7;145,183;6,35;28,4;30,9;;7,37;81,54;0,908
AUT;Europe;Austria;2020-05-28;16515;18;34,286;645;2;1,714;1833,696;1,999;3,807;71,616;0,222;0,19;427372;8666;47,452;0,962;6047;0,671;176,371;0,006;tests performed;55,56;9006400;106,749;44,4;19,202;13,748;45436,686;0,7;145,183;6,35;28,4;30,9;;7,37;81,54;0,908
AUT;Europe;Austria;2020-05-29;16543;28;30,143;668;23;5;1836,805;3,109;3,347;74,169;2,554;0,555;434302;6930;48,221;0,769;6259;0,695;207,645;0,005;tests performed;50;9006400;106,749;44,4;19,202;13,748;45436,686;0,7;145,183;6,35;28,4;30,9;;7,37;81,54;0,908
AUT;Europe;Austria;2020-05-30;16594;51;33,286;668;0;4,714;1842,468;5,663;3,696;74,169;0;0,523;442143;7841;49,092;0,871;6540;0,726;196,481;0,005;tests performed;50;9006400;106,749;44,4;19,202;13,748;45436,686;0,7;145,183;6,35;28,4;30,9;;7,37;81,54;0,908
AUT;Europe;Austria;2020-05-31;16638;44;33;668;0;4,143;1847,353;4,885;3,664;74,169;0;0,46;448534;6391;49,802;0,71;6668;0,74;202,061;0,005;tests performed;50;9006400;106,749;44,4;19,202;13,748;45436,686;0,7;145,183;6,35;28,4;30,9;;7,37;81,54;0,908
AUT;Europe;Austria;2020-06-01;16642;4;29;668;0;4;1847,797;0,444;3,22;74,169;0;0,444;451820;3286;50,167;0,365;6640;0,737;228,966;0,004;tests performed;50;9006400;106,749;44,4;19,202;13,748;45436,686;0,7;145,183;6,35;28,4;30,9;;7,37;81,54;0,908
AUT;Europe;Austria;2020-06-02;16663;21;29,143;668;0;3,857;1850,129;2,332;3,236;74,169;0;0,428;456378;4558;50,673;0,506;6456;0,717;221,529;0,005;tests performed;50;9006400;106,749;44,4;19,202;13,748;45436,686;0,7;145,183;6,35;28,4;30,9;;7,37;81,54;0,908
AUT;Europe;Austria;2020-06-03;16674;11;25,286;669;1;3,714;1851,35;1,221;2,808;74,281;0,111;0,412;462958;6580;51,403;0,731;6322;0,702;250,023;0,004;tests performed;46,3;9006400;106,749;44,4;19,202;13,748;45436,686;0,7;145,183;6,35;28,4;30,9;;7,37;81,54;0,908
AUT;Europe;Austria;2020-06-04;16705;31;27,143;670;1;3,571;1854,792;3,442;3,014;74,392;0,111;0,397;471466;8508;52,348;0,945;6299;0,699;232,068;0,004;tests performed;43,52;9006400;106,749;44,4;19,202;13,748;45436,686;0,7;145,183;6,35;28,4;30,9;;7,37;81,54;0,908
AUT;Europe;Austria;2020-06-05;16741;36;28,286;670;0;0,286;1858,789;3,997;3,141;74,392;0;0,032;479449;7983;53,234;0,886;6450;0,716;228,03;0,004;tests performed;43,52;9006400;106,749;44,4;19,202;13,748;45436,686;0,7;145,183;6,35;28,4;30,9;;7,37;81,54;0,908
AUT;Europe;Austria;2020-06-06;16803;62;29,857;672;2;0,571;1865,673;6,884;3,315;74,614;0,222;0,063;485912;6463;53,952;0,718;6253;0,694;209,431;0,005;tests performed;43,52;9006400;106,749;44,4;19,202;13,748;45436,686;0,7;145,183;6,35;28,4;30,9;;7,37;81,54;0,908
AUT;Europe;Austria;2020-06-07;16822;19;26,286;672;0;0,571;1867,783;2,11;2,919;74,614;0;0,063;489597;3685;54,361;0,409;5866;0,651;223,163;0,004;tests performed;43,52;9006400;106,749;44,4;19,202;13,748;45436,686;0,7;145,183;6,35;28,4;30,9;;7,37;81,54;0,908
AUT;Europe;Austria;2020-06-08;16868;46;32,286;672;0;0,571;1872,89;5,107;3,585;74,614;0;0,063;494761;5164;54,934;0,573;6134;0,681;189,991;0,005;tests performed;43,52;9006400;106,749;44,4;19,202;13,748;45436,686;0,7;145,183;6,35;28,4;30,9;;7,37;81,54;0,908
AUT;Europe;Austria;2020-06-09;16889;21;32,286;672;0;0,571;1875,222;2,332;3,585;74,614;0;0,063;500921;6160;55,618;0,684;6363;0,706;197,084;0,005;tests performed;43,52;9006400;106,749;44,4;19,202;13,748;45436,686;0,7;145,183;6,35;28,4;30,9;;7,37;81,54;0,908
AUT;Europe;Austria;2020-06-10;16902;13;32,571;672;0;0,429;1876,665;1,443;3,616;74,614;0;0,048;506344;5423;56,22;0,602;6198;0,688;190,289;0,005;tests performed;43,52;9006400;106,749;44,4;19,202;13,748;45436,686;0,7;145,183;6,35;28,4;30,9;;7,37;81,54;0,908
AUT;Europe;Austria;2020-06-11;16936;34;33;673;1;0,429;1880,441;3,775;3,664;74,725;0,111;0,048;512501;6157;56,904;0,684;5862;0,651;177,636;0,006;tests performed;43,52;9006400;106,749;44,4;19,202;13,748;45436,686;0,7;145,183;6,35;28,4;30,9;;7,37;81,54;0,908
AUT;Europe;Austria;2020-06-12;16964;28;31,857;674;1;0,571;1883,549;3,109;3,537;74,836;0,111;0,063;;;;;5327;0,591;167,215;0,006;tests performed;43,52;9006400;106,749;44,4;19,202;13,748;45436,686;0,7;145,183;6,35;28,4;30,9;;7,37;81,54;0,908
AUT;Europe;Austria;2020-06-13;16994;30;27,286;675;1;0,429;1886,88;3,331;3,03;74,947;0,111;0,048;520976;;57,845;;5009;0,556;183,576;0,005;tests performed;43,52;9006400;106,749;44,4;19,202;13,748;45436,686;0,7;145,183;6,35;28,4;30,9;;7,37;81,54;0,908
AUT;Europe;Austria;2020-06-14;17014;20;27,429;677;2;0,714;1889,101;2,221;3,045;75,169;0,222;0,079;524840;3864;58,274;0,429;5035;0,559;183,568;0,005;tests performed;43,52;9006400;106,749;44,4;19,202;13,748;45436,686;0,7;145,183;6,35;28,4;30,9;;7,37;81,54;0,908
AUT;Europe;Austria;2020-06-15;17038;24;24,286;677;0;0,714;1891,766;2,665;2,696;75,169;0;0,079;527670;2830;58,588;0,314;4701;0,522;193,571;0,005;tests performed;43,52;9006400;106,749;44,4;19,202;13,748;45436,686;0,7;145,183;6,35;28,4;30,9;;7,37;81,54;0,908
AUT;Europe;Austria;2020-06-16;17065;27;25,143;678;1;0,857;1894,764;2,998;2,792;75,28;0,111;0,095;532700;5030;59,147;0,558;4540;0,504;180,568;0,006;tests performed;43,52;9006400;106,749;44,4;19,202;13,748;45436,686;0,7;145,183;6,35;28,4;30,9;;7,37;81,54;0,908
AUT;Europe;Austria;2020-06-17;17098;33;28;681;3;1,286;1898,428;3,664;3,109;75,613;0,333;0,143;540615;7915;60,026;0,879;4896;0,544;174,857;0,006;tests performed;43,52;9006400;106,749;44,4;19,202;13,748;45436,686;0,7;145,183;6,35;28,4;30,9;;7,37;81,54;0,908
AUT;Europe;Austria;2020-06-18;17115;17;25,571;687;6;2;1900,315;1,888;2,839;76,279;0,666;0,222;545927;5312;60,615;0,59;4775;0,53;186,732;0,005;tests performed;43,52;9006400;106,749;44,4;19,202;13,748;45436,686;0,7;145,183;6,35;28,4;30,9;;7,37;81,54;0,908
AUT;Europe;Austria;2020-06-19;17155;40;27,286;688;1;2;1904,757;4,441;3,03;76,39;0,111;0,222;552130;6203;61,304;0,689;5056;0,561;185,298;0,005;tests performed;43,52;9006400;106,749;44,4;19,202;13,748;45436,686;0,7;145,183;6,35;28,4;30,9;;7,37;81,54;0,908
AUT;Europe;Austria;2020-06-20;17185;30;27,286;688;0;1,857;1908,088;3,331;3,03;76,39;0;0,206;558208;6078;61,979;0,675;5319;0,591;194,937;0,005;tests performed;43,52;9006400;106,749;44,4;19,202;13,748;45436,686;0,7;145,183;6,35;28,4;30,9;;7,37;81,54;0,908
AUT;Europe;Austria;2020-06-21;17247;62;33,286;688;0;1,571;1914,972;6,884;3,696;76,39;0;0,174;560584;2376;62,243;0,264;5106;0,567;153,399;0,007;tests performed;43,52;9006400;106,749;44,4;19,202;13,748;45436,686;0,7;145,183;6,35;28,4;30,9;;7,37;81,54;0,908
AUT;Europe;Austria;2020-06-22;17285;38;35,286;690;2;1,857;1919,191;4,219;3,918;76,612;0,222;0,206;565800;5216;62,822;0,579;5447;0,605;154,368;0,006;tests performed;43,52;9006400;106,749;44,4;19,202;13,748;45436,686;0,7;145,183;6,35;28,4;30,9;;7,37;81,54;0,908
AUT;Europe;Austria;2020-06-23;17320;35;36,429;690;0;1,714;1923,077;3,886;4,045;76,612;0;0,19;572473;6673;63,563;0,741;5682;0,631;155,976;0,006;tests performed;43,52;9006400;106,749;44,4;19,202;13,748;45436,686;0,7;145,183;6,35;28,4;30,9;;7,37;81,54;0,908
AUT;Europe;Austria;2020-06-24;17351;31;36,143;693;3;1,714;1926,519;3,442;4,013;76,945;0,333;0,19;578584;6111;64,241;0,679;5424;0,602;150,071;0,007;tests performed;43,52;9006400;106,749;44,4;19,202;13,748;45436,686;0,7;145,183;6,35;28,4;30,9;;7,37;81,54;0,908
AUT;Europe;Austria;2020-06-25;17384;33;38,429;693;0;0,857;1930,183;3,664;4,267;76,945;0;0,095;584243;5659;64,87;0,628;5474;0,608;142,446;0,007;tests performed;43,52;9006400;106,749;44,4;19,202;13,748;45436,686;0,7;145,183;6,35;28,4;30,9;;7,37;81,54;0,908
AUT;Europe;Austria;2020-06-26;17431;47;39,429;698;5;1,429;1935,401;5,219;4,378;77,5;0,555;0,159;590442;6199;65,558;0,688;5473;0,608;138,808;0,007;tests performed;43,52;9006400;106,749;44,4;19,202;13,748;45436,686;0,7;145,183;6,35;28,4;30,9;;7,37;81,54;0,908
AUT;Europe;Austria;2020-06-27;17498;67;44,714;698;0;1,429;1942,841;7,439;4,965;77,5;0;0,159;597495;7053;66,341;0,783;5612;0,623;125,508;0,008;tests performed;43,52;9006400;106,749;44,4;19,202;13,748;45436,686;0,7;145,183;6,35;28,4;30,9;;7,37;81,54;0,908
AUT;Europe;Austria;2020-06-28;17562;64;45;700;2;1,714;1949,947;7,106;4,996;77,723;0,222;0,19;602520;5025;66,899;0,558;5991;0,665;133,133;0,008;tests performed;43,52;9006400;106,749;44,4;19,202;13,748;45436,686;0,7;145,183;6,35;28,4;30,9;;7,37;81,54;0,908
AUT;Europe;Austria;2020-06-29;17625;63;48,571;702;2;1,714;1956,942;6,995;5,393;77,945;0,222;0,19;606375;3855;67,327;0,428;5796;0,644;119,329;0,008;tests performed;43,52;9006400;106,749;44,4;19,202;13,748;45436,686;0,7;145,183;6,35;28,4;30,9;;7,37;81,54;0,908
AUT;Europe;Austria;2020-06-30;17666;41;49,429;703;1;1,857;1961,494;4,552;5,488;78,056;0,111;0,206;612756;6381;68,036;0,708;5755;0,639;116,431;0,009;tests performed;43,52;9006400;106,749;44,4;19,202;13,748;45436,686;0,7;145,183;6,35;28,4;30,9;;7,37;81,54;0,908
AUT;Europe;Austria;2020-07-01;17777;111;60,857;705;2;1,714;1973,819;12,325;6,757;78,278;0,222;0,19;620866;8110;68,936;0,9;6040;0,671;99,249;0,01;tests performed;43,52;9006400;106,749;44,4;19,202;13,748;45436,686;0,7;145,183;6,35;28,4;30,9;;7,37;81,54;0,908
AUT;Europe;Austria;2020-07-02;17814;37;61,429;705;0;1,714;1977,927;4,108;6,821;78,278;0;0,19;628700;7834;69,806;0,87;6351;0,705;103,388;0,01;tests performed;43,52;9006400;106,749;44,4;19,202;13,748;45436,686;0,7;145,183;6,35;28,4;30,9;;7,37;81,54;0,908
AUT;Europe;Austria;2020-07-03;17952;138;74,429;705;0;1;1993,249;15,322;8,264;78,278;0;0,111;635505;6805;70,561;0,756;6438;0,715;86,499;0,012;tests performed;43,52;9006400;106,749;44,4;19,202;13,748;45436,686;0,7;145,183;6,35;28,4;30,9;;7,37;81,54;0,908
AUT;Europe;Austria;2020-07-04;18073;121;82,143;705;0;1;2006,684;13,435;9,12;78,278;0;0,111;642679;7174;71,358;0,797;6455;0,717;78,583;0,013;tests performed;43,52;9006400;106,749;44,4;19,202;13,748;45436,686;0,7;145,183;6,35;28,4;30,9;;7,37;81,54;0,908
AUT;Europe;Austria;2020-07-05;18196;123;90,571;705;0;0,714;2020,341;13,657;10,056;78,278;0;0,079;647804;5125;71,927;0,569;6469;0,718;71,424;0,014;tests performed;43,52;9006400;106,749;44,4;19,202;13,748;45436,686;0,7;145,183;6,35;28,4;30,9;;7,37;81,54;0,908
AUT;Europe;Austria;2020-07-06;18269;73;92;706;1;0,571;2028,446;8,105;10,215;78,389;0,111;0,063;654105;6301;72,627;0,7;6819;0,757;74,12;0,013;tests performed;43,52;9006400;106,749;44,4;19,202;13,748;45436,686;0,7;145,183;6,35;28,4;30,9;;7,37;81,54;0,908
AUT;Europe;Austria;2020-07-07;18326;57;94,286;706;0;0,429;2034,775;6,329;10,469;78,389;0;0,048;660149;6044;73,298;0,671;6770;0,752;71,803;0,014;tests performed;43,52;9006400;106,749;44,4;19,202;13,748;45436,686;0,7;145,183;6,35;28,4;30,9;;7,37;81,54;0,908
AUT;Europe;Austria;2020-07-08;18415;89;91,143;706;0;0,143;2044,657;9,882;10,12;78,389;0;0,016;668220;8071;74,194;0,896;6765;0,751;74,224;0,013;tests performed;43,52;9006400;106,749;44,4;19,202;13,748;45436,686;0,7;145,183;6,35;28,4;30,9;;7,37;81,54;0,908
AUT;Europe;Austria;2020-07-09;18516;101;100,286;706;0;0,143;2055,871;11,214;11,135;78,389;0;0,016;675727;7507;75,027;0,834;6718;0,746;66,989;0,015;tests performed;43,52;9006400;106,749;44,4;19,202;13,748;45436,686;0,7;145,183;6,35;28,4;30,9;;7,37;81,54;0,908
AUT;Europe;Austria;2020-07-10;18613;97;94,429;706;0;0,143;2066,641;10,77;10,485;78,389;0;0,016;683484;7757;75,889;0,861;6854;0,761;72,584;0,014;tests performed;31,48;9006400;106,749;44,4;19,202;13,748;45436,686;0,7;145,183;6,35;28,4;30,9;;7,37;81,54;0,908
AUT;Europe;Austria;2020-07-11;18687;74;87,714;706;0;0,143;2074,858;8,216;9,739;78,389;0;0,016;691709;8225;76,802;0,913;7004;0,778;79,85;0,013;tests performed;31,48;9006400;106,749;44,4;19,202;13,748;45436,686;0,7;145,183;6,35;28,4;30,9;;7,37;81,54;0,908
AUT;Europe;Austria;2020-07-12;18795;108;85,571;706;0;0,143;2086,849;11,991;9,501;78,389;0;0,016;696740;5031;77,361;0,559;6991;0,776;81,698;0,012;tests performed;31,48;9006400;106,749;44,4;19,202;13,748;45436,686;0,7;145,183;6,35;28,4;30,9;;7,37;81,54;0,908
AUT;Europe;Austria;2020-07-13;18847;52;82,571;708;2;0,286;2092,623;5,774;9,168;78,611;0,222;0,032;700616;3876;77,791;0,43;6644;0,738;80,464;0,012;tests performed;31,48;9006400;106,749;44,4;19,202;13,748;45436,686;0,7;145,183;6,35;28,4;30,9;;7,37;81,54;0,908
AUT;Europe;Austria;2020-07-14;18859;12;76,143;708;0;0,286;2093,955;1,332;8,454;78,611;0;0,032;;;;;6901;0,766;90,632;0,011;tests performed;31,48;9006400;106,749;44,4;19,202;13,748;45436,686;0,7;145,183;6,35;28,4;30,9;;7,37;81,54;0,908
AUT;Europe;Austria;2020-07-15;19060;201;92,143;709;1;0,429;2116,273;22,317;10,231;78,722;0,111;0,048;716293;;79,532;;6868;0,763;74,536;0,013;tests performed;31,48;9006400;106,749;44,4;19,202;13,748;45436,686;0,7;145,183;6,35;28,4;30,9;;7,37;81,54;0,908
AUT;Europe;Austria;2020-07-16;19115;55;85,571;710;1;0,571;2122,38;6,107;9,501;78,833;0,111;0,063;726345;10052;80,648;1,116;7231;0,803;84,503;0,012;tests performed;31,48;9006400;106,749;44,4;19,202;13,748;45436,686;0,7;145,183;6,35;28,4;30,9;;7,37;81,54;0,908
AUT;Europe;Austria;2020-07-17;19268;153;93,571;710;0;0,571;2139,368;16,988;10,389;78,833;0;0,063;734413;8068;81,543;0,896;7276;0,808;77,759;0,013;tests performed;31,48;9006400;106,749;44,4;19,202;13,748;45436,686;0,7;145,183;6,35;28,4;30,9;;7,37;81,54;0,908
AUT;Europe;Austria;2020-07-18;19406;138;102,714;710;0;0,571;2154,69;15,322;11,405;78,833;0;0,063;743090;8677;82,507;0,963;7340;0,815;71,46;0,014;tests performed;31,48;9006400;106,749;44,4;19,202;13,748;45436,686;0,7;145,183;6,35;28,4;30,9;;7,37;81,54;0,908
AUT;Europe;Austria;2020-07-19;19508;102;101,857;710;0;0,571;2166,015;11,325;11,309;78,833;0;0,063;748669;5579;83,126;0,619;7418;0,824;72,827;0,014;tests performed;31,48;9006400;106,749;44,4;19,202;13,748;45436,686;0,7;145,183;6,35;28,4;30,9;;7,37;81,54;0,908
AUT;Europe;Austria;2020-07-20;19571;63;103,429;710;0;0,286;2173,01;6,995;11,484;78,833;0;0,032;798436;49767;88,652;5,526;13974;1,552;135,108;0,007;tests performed;31,48;9006400;106,749;44,4;19,202;13,748;45436,686;0,7;145,183;6,35;28,4;30,9;;7,37;81,54;0,908
AUT;Europe;Austria;2020-07-21;19679;108;117,143;710;0;0,286;2185,002;11,991;13,007;78,833;0;0,032;805600;7164;89,448;0,795;13878;1,541;118,471;0,008;tests performed;31,48;9006400;106,749;44,4;19,202;13,748;45436,686;0,7;145,183;6,35;28,4;30,9;;7,37;81,54;0,908
AUT;Europe;Austria;2020-07-22;19818;139;108,286;710;0;0,143;2200,435;15,433;12,023;78,833;0;0,016;814681;9081;90,456;1,008;14055;1,561;129,796;0,008;tests performed;31,48;9006400;106,749;44,4;19,202;13,748;45436,686;0,7;145,183;6,35;28,4;30,9;;7,37;81,54;0,908
AUT;Europe;Austria;2020-07-23;19958;140;120,429;711;1;0,143;2215,98;15,545;13,371;78,944;0,111;0,016;826031;11350;91,716;1,26;14241;1,581;118,253;0,008;tests performed;31,48;9006400;106,749;44,4;19,202;13,748;45436,686;0,7;145,183;6,35;28,4;30,9;;7,37;81,54;0,908
AUT;Europe;Austria;2020-07-24;20122;164;122;711;0;0,143;2234,189;18,209;13,546;78,944;0;0,016;833841;7810;92,583;0,867;14204;1,577;116,426;0,009;tests performed;31,48;9006400;106,749;44,4;19,202;13,748;45436,686;0,7;145,183;6,35;28,4;30,9;;7,37;81,54;0,908
AUT;Europe;Austria;2020-07-25;20229;107;117,571;711;0;0,143;2246,069;11,88;13,054;78,944;0;0,016;840890;7049;93,366;0,783;13971;1,551;118,83;0,008;tests performed;31,48;9006400;106,749;44,4;19,202;13,748;45436,686;0,7;145,183;6,35;28,4;30,9;;7,37;81,54;0,908
AUT;Europe;Austria;2020-07-26;20349;120;120,143;712;1;0,286;2259,393;13,324;13,34;79,055;0,111;0,032;847898;7008;94,144;0,778;14176;1,574;117,993;0,008;tests performed;31,48;9006400;106,749;44,4;19,202;13,748;45436,686;0,7;145,183;6,35;28,4;30,9;;7,37;81,54;0,908
AUT;Europe;Austria;2020-07-27;20486;137;130,714;712;0;0,286;2274,605;15,211;14,513;79,055;0;0,032;861206;13308;95,622;1,478;8967;0,996;68,6;0,015;tests performed;31,48;9006400;106,749;44,4;19,202;13,748;45436,686;0,7;145,183;6,35;28,4;30,9;;7,37;81,54;0,908
AUT;Europe;Austria;2020-07-28;20550;64;124,429;713;1;0,429;2281,711;7,106;13,816;79,166;0,111;0,048;870602;9396;96,665;1,043;9286;1,031;74,629;0,013;tests performed;31,48;9006400;106,749;44,4;19,202;13,748;45436,686;0,7;145,183;6,35;28,4;30,9;;7,37;81,54;0,908
AUT;Europe;Austria;2020-07-29;20682;132;123,429;713;0;0,429;2296,367;14,656;13,705;79,166;0;0,048;880036;9434;97,712;1,047;9336;1,037;75,639;0,013;tests performed;31,48;9006400;106,749;44,4;19,202;13,748;45436,686;0,7;145,183;6,35;28,4;30,9;;7,37;81,54;0,908
AUT;Europe;Austria;2020-07-30;20846;164;126,857;716;3;0,714;2314,576;18,209;14,085;79,499;0,333;0,079;890461;10425;98,87;1,158;9204;1,022;72,554;0,014;tests performed;31,48;9006400;106,749;44,4;19,202;13,748;45436,686;0,7;145,183;6,35;28,4;30,9;;7,37;81,54;0,908
AUT;Europe;Austria;2020-07-31;21009;163;126,714;718;2;1;2332,675;18,098;14,069;79,721;0,222;0,111;897819;7358;99,687;0,817;9140;1,015;72,131;0,014;tests performed;31,48;9006400;106,749;44,4;19,202;13,748;45436,686;0,7;145,183;6,35;28,4;30,9;;7,37;81,54;0,908
AUT;Europe;Austria;2020-08-01;21098;89;124,143;718;0;1;2342,556;9,882;13,784;79,721;0;0,111;905314;7495;100,519;0,832;9203;1,022;74,132;0,013;tests performed;31,48;9006400;106,749;44,4;19,202;13,748;45436,686;0,7;145,183;6,35;28,4;30,9;;7,37;81,54;0,908
AUT;Europe;Austria;2020-08-02;21224;126;125;718;0;0,857;2356,546;13,99;13,879;79,721;0;0,095;910437;5123;101,088;0,569;8934;0,992;71,472;0,014;tests performed;31,48;9006400;106,749;44,4;19,202;13,748;45436,686;0,7;145,183;6,35;28,4;30,9;;7,37;81,54;0,908
AUT;Europe;Austria;2020-08-03;21309;85;117,571;718;0;0,857;2365,984;9,438;13,054;79,721;0;0,095;916778;6341;101,792;0,704;7939;0,881;67,525;0,015;tests performed;31,48;9006400;106,749;44,4;19,202;13,748;45436,686;0,7;145,183;6,35;28,4;30,9;;7,37;81,54;0,908
AUT;Europe;Austria;2020-08-04;21341;32;113;718;0;0,714;2369,537;3,553;12,547;79,721;0;0,079;923902;7124;102,583;0,791;7614;0,845;67,381;0,015;tests performed;31,48;9006400;106,749;44,4;19,202;13,748;45436,686;0,7;145,183;6,35;28,4;30,9;;7,37;81,54;0,908
AUT;Europe;Austria;2020-08-05;21472;131;112,857;719;1;0,857;2384,082;14,545;12,531;79,832;0,111;0,095;;;;;7222;0,802;63,992;0,016;tests performed;31,48;9006400;106,749;44,4;19,202;13,748;45436,686;0,7;145,183;6,35;28,4;30,9;;7,37;81,54;0,908
AUT;Europe;Austria;2020-08-06;21575;103;104,143;719;0;0,429;2395,519;11,436;11,563;79,832;0;0,048;937275;;104,068;;6688;0,743;64,219;0,016;tests performed;31,48;9006400;106,749;44,4;19,202;13,748;45436,686;0,7;145,183;6,35;28,4;30,9;;7,37;81,54;0,908
AUT;Europe;Austria;2020-08-07;21689;114;97,143;719;0;0,143;2408,176;12,658;10,786;79,832;0;0,016;947305;10030;105,181;1,114;7069;0,785;72,769;0,014;tests performed;31,48;9006400;106,749;44,4;19,202;13,748;45436,686;0,7;145,183;6,35;28,4;30,9;;7,37;81,54;0,908
AUT;Europe;Austria;2020-08-08;21819;130;103;720;1;0,286;2422,611;14,434;11,436;79,943;0,111;0,032;955239;7934;106,062;0,881;7132;0,792;69,243;0,014;tests performed;31,48;9006400;106,749;44,4;19,202;13,748;45436,686;0,7;145,183;6,35;28,4;30,9;;7,37;81,54;0,908
AUT;Europe;Austria;2020-08-09;21935;116;101,571;721;1;0,429;2435,49;12,88;11,278;80,054;0,111;0,048;961868;6629;106,798;0,736;7347;0,816;72,333;0,014;tests performed;31,48;9006400;106,749;44,4;19,202;13,748;45436,686;0,7;145,183;6,35;28,4;30,9;;7,37;81,54;0,908
AUT;Europe;Austria;2020-08-10;22011;76;100,286;721;0;0,429;2443,929;8,438;11,135;80,054;0;0,048;965758;3890;107,23;0,432;6997;0,777;69,771;0,014;tests performed;31,48;9006400;106,749;44,4;19,202;13,748;45436,686;0,7;145,183;6,35;28,4;30,9;;7,37;81,54;0,908
AUT;Europe;Austria;2020-08-11;22122;111;111,571;723;2;0,714;2456,253;12,325;12,388;80,276;0,222;0,079;974508;8750;108,202;0,972;7229;0,803;64,793;0,015;tests performed;31,48;9006400;106,749;44,4;19,202;13,748;45436,686;0,7;145,183;6,35;28,4;30,9;;7,37;81,54;0,908
AUT;Europe;Austria;2020-08-12;22260;138;112,571;723;0;0,571;2471,576;15,322;12,499;80,276;0;0,063;983018;8510;109,147;0,945;7490;0,832;66,536;0,015;tests performed;31,48;9006400;106,749;44,4;19,202;13,748;45436,686;0,7;145,183;6,35;28,4;30,9;;7,37;81,54;0,908
AUT;Europe;Austria;2020-08-13;22501;241;132,286;724;1;0,714;2498,335;26,759;14,688;80,387;0,111;0,079;991508;8490;110,089;0,943;7748;0,86;58,57;0,017;tests performed;31,48;9006400;106,749;44,4;19,202;13,748;45436,686;0,7;145,183;6,35;28,4;30,9;;7,37;81,54;0,908
AUT;Europe;Austria;2020-08-14;22730;229;148,714;725;1;0,857;2523,761;25,426;16,512;80,498;0,111;0,095;1003432;11924;111,413;1,324;8018;0,89;53,915;0,019;tests performed;31,48;9006400;106,749;44,4;19,202;13,748;45436,686;0,7;145,183;6,35;28,4;30,9;;7,37;81,54;0,908
AUT;Europe;Austria;2020-08-15;22951;221;161,714;725;0;0,714;2548,299;24,538;17,955;80,498;0;0,079;1009354;5922;112,071;0,658;7731;0,858;47,807;0,021;tests performed;31,48;9006400;106,749;44,4;19,202;13,748;45436,686;0,7;145,183;6,35;28,4;30,9;;7,37;81,54;0,908
AUT;Europe;Austria;2020-08-16;23211;260;182,286;728;3;1;2577,167;28,868;20,24;80,831;0,333;0,111;1018490;9136;113,085;1,014;8089;0,898;44,375;0,023;tests performed;31,48;9006400;106,749;44,4;19,202;13,748;45436,686;0,7;145,183;6,35;28,4;30,9;;7,37;81,54;0,908
AUT;Europe;Austria;2020-08-17;23373;162;194,571;728;0;1;2595,155;17,987;21,604;80,831;0;0,111;1024067;5577;113,704;0,619;8330;0,925;42,812;0,023;tests performed;31,48;9006400;106,749;44,4;19,202;13,748;45436,686;0,7;145,183;6,35;28,4;30,9;;7,37;81,54;0,908
AUT;Europe;Austria;2020-08-18;23717;344;227,857;729;1;0,857;2633,35;38,195;25,299;80,942;0,111;0,095;1037888;13821;115,239;1,535;9054;1,005;39,735;0,025;tests performed;31,48;9006400;106,749;44,4;19,202;13,748;45436,686;0,7;145,183;6,35;28,4;30,9;;7,37;81,54;0,908
AUT;Europe;Austria;2020-08-19;23875;158;230,714;729;0;0,857;2650,893;17,543;25,617;80,942;0;0,095;1048216;10328;116,386;1,147;9314;1,034;40,37;0,025;tests performed;31,48;9006400;106,749;44,4;19,202;13,748;45436,686;0,7;145,183;6,35;28,4;30,9;;7,37;81,54;0,908
AUT;Europe;Austria;2020-08-20;24300;425;257;729;0;0,714;2698,081;47,189;28,535;80,942;0;0,079;1061437;13221;117,854;1,468;9990;1,109;38,872;0,026;tests performed;31,48;9006400;106,749;44,4;19,202;13,748;45436,686;0,7;145,183;6,35;28,4;30,9;;7,37;81,54;0,908
AUT;Europe;Austria;2020-08-21;24608;308;268,286;729;0;0,571;2732,279;34,198;29,788;80,942;0;0,063;1075409;13972;119,405;1,551;10282;1,142;38,325;0,026;tests performed;31,48;9006400;106,749;44,4;19,202;13,748;45436,686;0,7;145,183;6,35;28,4;30,9;;7,37;81,54;0,908
AUT;Europe;Austria;2020-08-22;24883;275;276;730;1;0,714;2762,813;30,534;30,645;81,053;0,111;0,079;1087155;11746;120,709;1,304;11114;1,234;40,268;0,025;tests performed;31,48;9006400;106,749;44,4;19,202;13,748;45436,686;0,7;145,183;6,35;28,4;30,9;;7,37;81,54;0,908
AUT;Europe;Austria;2020-08-23;25099;216;269,714;732;2;0,571;2786,796;23,983;29,947;81,276;0,222;0,063;1094987;7832;121,579;0,87;10928;1,213;40,517;0,025;tests performed;31,48;9006400;106,749;44,4;19,202;13,748;45436,686;0,7;145,183;6,35;28,4;30,9;;7,37;81,54;0,908
AUT;Europe;Austria;2020-08-24;25239;140;266,571;732;0;0,571;2802,341;15,545;29,598;81,276;0;0,063;1101206;6219;122,269;0,691;11020;1,224;41,34;0,024;tests performed;31,48;9006400;106,749;44,4;19,202;13,748;45436,686;0,7;145,183;6,35;28,4;30,9;;7,37;81,54;0,908
AUT;Europe;Austria;2020-08-25;25547;308;261,429;733;1;0,571;2836,538;34,198;29,027;81,387;0,111;0,063;1110089;8883;123,256;0,986;10314;1,145;39,452;0,025;tests performed;31,48;9006400;106,749;44,4;19,202;13,748;45436,686;0,7;145,183;6,35;28,4;30,9;;7,37;81,54;0,908
AUT;Europe;Austria;2020-08-26;25838;291;280,429;733;0;0,571;2868,849;32,31;31,137;81,387;0;0,063;1119199;9110;124,267;1,012;10140;1,126;36,159;0,028;tests performed;31,48;9006400;106,749;44,4;19,202;13,748;45436,686;0,7;145,183;6,35;28,4;30,9;;7,37;81,54;0,908
AUT;Europe;Austria;2020-08-27;26154;316;264,857;733;0;0,571;2903,935;35,086;29,408;81,387;0;0,063;1133243;14044;125,826;1,559;10258;1,139;38,73;0,026;tests performed;31,48;9006400;106,749;44,4;19,202;13,748;45436,686;0,7;145,183;6,35;28,4;30,9;;7,37;81,54;0,908
AUT;Europe;Austria;2020-08-28;26381;227;253,286;733;0;0,571;2929,139;25,204;28,123;81,387;0;0,063;1147944;14701;127,459;1,632;10362;1,151;40,91;0,024;tests performed;31,48;9006400;106,749;44,4;19,202;13,748;45436,686;0,7;145,183;6,35;28,4;30,9;;7,37;81,54;0,908
AUT;Europe;Austria;2020-08-29;26763;382;268,571;733;0;0,429;2971,554;42,414;29,82;81,387;0;0,048;1160743;12799;128,88;1,421;10513;1,167;39,144;0,026;tests performed;31,48;9006400;106,749;44,4;19,202;13,748;45436,686;0,7;145,183;6,35;28,4;30,9;;7,37;81,54;0,908
AUT;Europe;Austria;2020-08-30;26937;174;262,571;733;0;0,143;2990,873;19,32;29,154;81,387;0;0,016;1172092;11349;130,14;1,26;11015;1,223;41,95;0,024;tests performed;31,48;9006400;106,749;44,4;19,202;13,748;45436,686;0,7;145,183;6,35;28,4;30,9;;7,37;81,54;0,908
AUT;Europe;Austria;2020-08-31;27218;281;282,714;733;0;0,143;3022,073;31,2;31,39;81,387;0;0,016;1180711;8619;131,097;0,957;11358;1,261;40,175;0,025;tests performed;31,48;9006400;106,749;44,4;19,202;13,748;45436,686;0,7;145,183;6,35;28,4;30,9;;7,37;81,54;0,908
AUT;Europe;Austria;2020-09-01;27404;186;265,286;733;0;0;3042,725;20,652;29,455;81,387;0;0;1193127;12416;132,475;1,379;11863;1,317;44,718;0,022;tests performed;31,48;9006400;106,749;44,4;19,202;13,748;45436,686;0,7;145,183;6,35;28,4;30,9;;7,37;81,54;0,908
AUT;Europe;Austria;2020-09-02;27741;337;271,857;734;1;0,143;3080,143;37,418;30,185;81,498;0,111;0,016;1210568;17441;134,412;1,937;13053;1,449;48,014;0,021;tests performed;31,48;9006400;106,749;44,4;19,202;13,748;45436,686;0,7;145,183;6,35;28,4;30,9;;7,37;81,54;0,908
AUT;Europe;Austria;2020-09-03;28183;442;289,857;734;0;0,143;3129,219;49,076;32,183;81,498;0;0,016;1225257;14689;136,043;1,631;13145;1,46;45,35;0,022;tests performed;31,48;9006400;106,749;44,4;19,202;13,748;45436,686;0,7;145,183;6,35;28,4;30,9;;7,37;81,54;0,908
AUT;Europe;Austria;2020-09-04;28495;312;302;735;1;0,286;3163,861;34,642;33,532;81,609;0,111;0,032;1236489;11232;137,29;1,247;12649;1,404;41,884;0,024;tests performed;31,48;9006400;106,749;44,4;19,202;13,748;45436,686;0,7;145,183;6,35;28,4;30,9;;7,37;81,54;0,908
AUT;Europe;Austria;2020-09-05;28766;271;286,143;735;0;0,286;3193,951;30,09;31,771;81,609;0;0,032;1247807;11318;138,547;1,257;12438;1,381;43,468;0,023;tests performed;31,48;9006400;106,749;44,4;19,202;13,748;45436,686;0,7;145,183;6,35;28,4;30,9;;7,37;81,54;0,908
AUT;Europe;Austria;2020-09-06;28974;208;291;735;0;0,286;3217,046;23,095;32,31;81,609;0;0,032;1255825;8018;139,437;0,89;11962;1,328;41,107;0,024;tests performed;36,11;9006400;106,749;44,4;19,202;13,748;45436,686;0,7;145,183;6,35;28,4;30,9;;7,37;81,54;0,908
AUT;Europe;Austria;2020-09-07;29194;220;282,286;736;1;0,429;3241,473;24,427;31,343;81,72;0,111;0,048;1266223;10398;140,591;1,155;12216;1,356;43,275;0,023;tests performed;36,11;9006400;106,749;44,4;19,202;13,748;45436,686;0,7;145,183;6,35;28,4;30,9;;7,37;81,54;0,908
AUT;Europe;Austria;2020-09-08;29705;511;328,714;746;10;1,857;3298,21;56,737;36,498;82,83;1,11;0,206;1276477;10254;141,73;1,139;11907;1,322;36,223;0,028;tests performed;36,11;9006400;106,749;44,4;19,202;13,748;45436,686;0,7;145,183;6,35;28,4;30,9;;7,37;81,54;0,908
AUT;Europe;Austria;2020-09-09;30200;495;351,286;747;1;1,857;3353,171;54,961;39,004;82,941;0,111;0,206;1288059;11582;143,016;1,286;11070;1,229;31,513;0,032;tests performed;36,11;9006400;106,749;44,4;19,202;13,748;45436,686;0,7;145,183;6,35;28,4;30,9;;7,37;81,54;0,908
AUT;Europe;Austria;2020-09-10;30954;754;395,857;747;0;1,857;3436,889;83,718;43,953;82,941;0;0,206;1303030;14971;144,678;1,662;11110;1,234;28,066;0,036;tests performed;36,11;9006400;106,749;44,4;19,202;13,748;45436,686;0,7;145,183;6,35;28,4;30,9;;7,37;81,54;0,908
AUT;Europe;Austria;2020-09-11;31451;497;422,286;748;1;1,857;3492,072;55,183;46,887;83,052;0,111;0,206;1316819;13789;146,209;1,531;11476;1,274;27,176;0,037;tests performed;36,11;9006400;106,749;44,4;19,202;13,748;45436,686;0,7;145,183;6,35;28,4;30,9;;7,37;81,54;0,908
AUT;Europe;Austria;2020-09-12;32456;1005;527,143;750;2;2,143;3603,66;111,587;58,53;83,274;0,222;0,238;1331493;14674;147,839;1,629;11955;1,327;22,679;0,044;tests performed;36,11;9006400;106,749;44,4;19,202;13,748;45436,686;0,7;145,183;6,35;28,4;30,9;;7,37;81,54;0,908
AUT;Europe;Austria;2020-09-13;32951;495;568,143;754;4;2,714;3658,621;54,961;63,082;83,718;0,444;0,301;1342066;10573;149,012;1,174;12320;1,368;21,685;0,046;tests performed;36,11;9006400;106,749;44,4;19,202;13,748;45436,686;0,7;145,183;6,35;28,4;30,9;;7,37;81,54;0,908
AUT;Europe;Austria;2020-09-14;33335;384;591,571;756;2;2,857;3701,257;42,636;65,683;83,94;0,222;0,317;1351408;9342;150,05;1,037;12169;1,351;20,571;0,049;tests performed;36,11;9006400;106,749;44,4;19,202;13,748;45436,686;0,7;145,183;6,35;28,4;30,9;;7,37;81,54;0,908
AUT;Europe;Austria;2020-09-15;33884;549;597;757;1;1,571;3762,214;60,957;66,286;84,051;0,111;0,174;1364508;13100;151,504;1,455;12576;1,396;21,065;0,047;tests performed;36,11;9006400;106,749;44,4;19,202;13,748;45436,686;0,7;145,183;6,35;28,4;30,9;;7,37;81,54;0,908
AUT;Europe;Austria;2020-09-16;34744;860;649,143;757;0;1,429;3857,701;95,488;72,076;84,051;0;0,159;1379839;15331;153,206;1,702;13111;1,456;20,197;0,05;tests performed;36,11;9006400;106,749;44,4;19,202;13,748;45436,686;0,7;145,183;6,35;28,4;30,9;;7,37;81,54;0,908
AUT;Europe;Austria;2020-09-17;35448;704;642;758;1;1,571;3935,868;78,167;71,283;84,162;0,111;0,174;;;;;13410;1,489;20,888;0,048;tests performed;37,04;9006400;106,749;44,4;19,202;13,748;45436,686;0,7;145,183;6,35;28,4;30,9;;7,37;81,54;0,908
AUT;Europe;Austria;2020-09-18;36370;922;702,714;758;0;1,429;4038,239;102,372;78,024;84,162;0;0,159;1413965;;156,996;;13878;1,541;19,749;0,051;tests performed;37,04;9006400;106,749;44,4;19,202;13,748;45436,686;0,7;145,183;6,35;28,4;30,9;;7,37;81,54;0,908
AUT;Europe;Austria;2020-09-19;37191;821;676,429;763;5;1,857;4129,397;91,157;75,105;84,718;0,555;0,206;1432099;18134;159,009;2,013;14372;1,596;21,247;0,047;tests performed;37,04;9006400;106,749;44,4;19,202;13,748;45436,686;0,7;145,183;6,35;28,4;30,9;;7,37;81,54;0,908
AUT;Europe;Austria;2020-09-20;37948;757;713,857;765;2;1,571;4213,448;84,051;79,261;84,94;0,222;0,174;1444683;12584;160,406;1,397;14660;1,628;20,536;0,049;tests performed;37,04;9006400;106,749;44,4;19,202;13,748;45436,686;0,7;145,183;6,35;28,4;30,9;;7,37;81,54;0,908
AUT;Europe;Austria;2020-09-21;38557;609;746;766;1;1,429;4281,067;67,619;82,83;85,051;0,111;0,159;1458095;13412;161,895;1,489;15241;1,692;20,43;0,049;tests performed;37,04;9006400;106,749;44,4;19,202;13,748;45436,686;0,7;145,183;6,35;28,4;30,9;;7,37;81,54;0,908
AUT;Europe;Austria;2020-09-22;39150;593;752,286;767;1;1,429;4346,909;65,842;83,528;85,162;0,111;0,159;1472647;14552;163,511;1,616;15448;1,715;20,535;0,049;tests performed;37,04;9006400;106,749;44,4;19,202;13,748;45436,686;0,7;145,183;6,35;28,4;30,9;;7,37;81,54;0,908
AUT;Europe;Austria;2020-09-23;39897;747;736,143;771;4;2;4429,85;82,941;81,736;85,606;0,444;0,222;1489264;16617;165,356;1,845;15632;1,736;21,235;0,047;tests performed;37,04;9006400;106,749;44,4;19,202;13,748;45436,686;0,7;145,183;6,35;28,4;30,9;;7,37;81,54;0,908
AUT;Europe;Austria;2020-09-24;40558;661;730;777;6;2,714;4503,242;73,392;81,053;86,272;0,666;0,301;1507782;18518;167,412;2,056;15840;1,759;21,699;0,046;tests performed;37,04;9006400;106,749;44,4;19,202;13,748;45436,686;0,7;145,183;6,35;28,4;30,9;;7,37;81,54;0,908
AUT;Europe;Austria;2020-09-25;41246;688;696,571;783;6;3,571;4579,632;76,39;77,342;86,938;0,666;0,397;;;;;16106;1,788;23,122;0,043;tests performed;37,04;9006400;106,749;44,4;19,202;13,748;45436,686;0,7;145,183;6,35;28,4;30,9;;7,37;81,54;0,908
AUT;Europe;Austria;2020-09-26;42317;1071;732,286;786;3;3,286;4698,548;118,915;81,307;87,271;0,333;0,365;1545634;;171,615;;16219;1,801;22,148;0,045;tests performed;37,04;9006400;106,749;44,4;19,202;13,748;45436,686;0,7;145,183;6,35;28,4;30,9;;7,37;81,54;0,908
AUT;Europe;Austria;2020-09-27;42940;623;713,143;787;1;3,143;4767,721;69,173;79,182;87,382;0,111;0,349;1555499;9865;172,71;1,095;15831;1,758;22,199;0,045;tests performed;37,04;9006400;106,749;44,4;19,202;13,748;45436,686;0,7;145,183;6,35;28,4;30,9;;7,37;81,54;0,908
AUT;Europe;Austria;2020-09-28;43466;526;701,286;787;0;3;4826,124;58,403;77,865;87,382;0;0,333;1569992;14493;174,32;1,609;15985;1,775;22,794;0,044;tests performed;37,04;9006400;106,749;44,4;19,202;13,748;45436,686;0,7;145,183;6,35;28,4;30,9;;7,37;81,54;0,908
AUT;Europe;Austria;2020-09-29;43885;419;676,429;790;3;3,286;4872,646;46,522;75,105;87,715;0,333;0,365;1586578;16586;176,161;1,842;16276;1,807;24,062;0,042;tests performed;40,74;9006400;106,749;44,4;19,202;13,748;45436,686;0,7;145,183;6,35;28,4;30,9;;7,37;81,54;0,908
AUT;Europe;Austria;2020-09-30;44607;722;672,857;796;6;3,571;4952,811;80,165;74,709;88,382;0,666;0,397;1617987;31409;179,649;3,487;18389;2,042;27,33;0,037;tests performed;40,74;9006400;106,749;44,4;19,202;13,748;45436,686;0,7;145,183;6,35;28,4;30,9;;7,37;81,54;0,908
AUT;Europe;Austria;2020-10-01;45753;1146;742,143;799;3;3,143;5080,054;127,243;82,402;88,715;0,333;0,349;1636573;18586;181,712;2,064;18399;2,043;24,792;0,04;tests performed;40,74;9006400;106,749;44,4;19,202;13,748;45436,686;0,7;145,183;6,35;28,4;30,9;;7,37;81,54;0,908
AUT;Europe;Austria;2020-10-02;46317;564;724,429;802;3;2,714;5142,676;62,622;80,435;89,048;0,333;0,301;1658412;21839;184,137;2,425;18815;2,089;25,972;0,039;tests performed;40,74;9006400;106,749;44,4;19,202;13,748;45436,686;0,7;145,183;6,35;28,4;30,9;;7,37;81,54;0,908
AUT;Europe;Austria;2020-10-03;47189;872;696;803;1;2,429;5239,496;96,82;77,278;89,159;0,111;0,27;;;;;18108;2,011;26,017;0,038;tests performed;40,74;9006400;106,749;44,4;19,202;13,748;45436,686;0,7;145,183;6,35;28,4;30,9;;7,37;81,54;0,908
AUT;Europe;Austria;2020-10-04;48019;830;725,571;809;6;3,143;5331,653;92,157;80,562;89,825;0,666;0,349;1686373;;187,242;;18696;2,076;25,767;0,039;tests performed;40,74;9006400;106,749;44,4;19,202;13,748;45436,686;0,7;145,183;6,35;28,4;30,9;;7,37;81,54;0,908
AUT;Europe;Austria;2020-10-05;48618;599;736;813;4;3,714;5398,161;66,508;81,72;90,269;0,444;0,412;1698268;11895;188,562;1,321;18325;2,035;24,898;0,04;tests performed;40,74;9006400;106,749;44,4;19,202;13,748;45436,686;0,7;145,183;6,35;28,4;30,9;;7,37;81,54;0,908
AUT;Europe;Austria;2020-10-06;49886;1268;857,286;818;5;4;5538,95;140,789;95,186;90,824;0,555;0,444;1716505;18237;190,587;2,025;18561;2,061;21,651;0,046;tests performed;40,74;9006400;106,749;44,4;19,202;13,748;45436,686;0,7;145,183;6,35;28,4;30,9;;7,37;81,54;0,908
AUT;Europe;Austria;2020-10-07;50435;549;832,571;840;22;6,286;5599,907;60,957;92,442;93,267;2,443;0,698;1735094;18589;192,651;2,064;16730;1,858;20,094;0,05;tests performed;40,74;9006400;106,749;44,4;19,202;13,748;45436,686;0,7;145,183;6,35;28,4;30,9;;7,37;81,54;0,908
AUT;Europe;Austria;2020-10-08;51382;947;804,143;844;4;6,429;5705,054;105,147;89,286;93,711;0,444;0,714;1756856;21762;195,068;2,416;17183;1,908;21,368;0,047;tests performed;40,74;9006400;106,749;44,4;19,202;13,748;45436,686;0,7;145,183;6,35;28,4;30,9;;7,37;81,54;0,908
AUT;Europe;Austria;2020-10-09;52603;1221;898;853;9;7,286;5840,624;135,57;99,707;94,71;0,999;0,809;1775431;18575;197,13;2,062;16717;1,856;18,616;0,054;tests performed;40,74;9006400;106,749;44,4;19,202;13,748;45436,686;0,7;145,183;6,35;28,4;30,9;;7,37;81,54;0,908
AUT;Europe;Austria;2020-10-10;53784;1181;942,143;857;4;7,714;5971,753;131,129;104,608;95,155;0,444;0,857;1795447;20016;199,352;2,222;17579;1,952;18,659;0,054;tests performed;40,74;9006400;106,749;44,4;19,202;13,748;45436,686;0,7;145,183;6,35;28,4;30,9;;7,37;81,54;0,908
AUT;Europe;Austria;2020-10-11;54685;901;952,286;858;1;7;6071,793;100,04;105,734;95,266;0,111;0,777;1809263;13816;200,886;1,534;17556;1,949;18,436;0,054;tests performed;40,74;9006400;106,749;44,4;19,202;13,748;45436,686;0,7;145,183;6,35;28,4;30,9;;7,37;81,54;0,908
AUT;Europe;Austria;2020-10-12;55983;1298;1052,143;864;6;7,286;6215,913;144,12;116,822;95,932;0,666;0,809;1822931;13668;202,404;1,518;17809;1,977;16,926;0,059;tests performed;40,74;9006400;106,749;44,4;19,202;13,748;45436,686;0,7;145,183;6,35;28,4;30,9;;7,37;81,54;0,908
AUT;Europe;Austria;2020-10-13;56591;608;957,857;869;5;7,286;6283,421;67,508;106,353;96,487;0,555;0,809;1844639;21708;204,814;2,41;18305;2,032;19,11;0,052;tests performed;44,91;9006400;106,749;44,4;19,202;13,748;45436,686;0,7;145,183;6,35;28,4;30,9;;7,37;81,54;0,908
AUT;Europe;Austria;2020-10-14;57762;1171;1046,714;879;10;5,571;6413,439;130,019;116,219;97,597;1,11;0,619;1861672;17033;206,705;1,891;18083;2,008;17,276;0,058;tests performed;44,91;9006400;106,749;44,4;19,202;13,748;45436,686;0,7;145,183;6,35;28,4;30,9;;7,37;81,54;0,908
AUT;Europe;Austria;2020-10-15;59368;1606;1140,857;888;9;6,286;6591,757;178,318;126,672;98,597;0,999;0,698;1881485;19813;208,905;2,2;17804;1,977;15,606;0,064;tests performed;44,91;9006400;106,749;44,4;19,202;13,748;45436,686;0,7;145,183;6,35;28,4;30,9;;7,37;81,54;0,908
AUT;Europe;Austria;2020-10-16;60764;1396;1165,857;894;6;5,857;6746,758;155,001;129,448;99,263;0,666;0,65;1902326;20841;211,219;2,314;18128;2,013;15,549;0,064;tests performed;;9006400;106,749;44,4;19,202;13,748;45436,686;0,7;145,183;6,35;28,4;30,9;;7,37;81,54;0,908
AUT;Europe;Austria;2020-10-17;62455;1691;1238,714;901;7;6,286;6934,513;187,755;137,537;100,04;0,777;0,698;1926770;24444;213,933;2,714;18760;2,083;15,145;0,066;tests performed;;9006400;106,749;44,4;19,202;13,748;45436,686;0,7;145,183;6,35;28,4;30,9;;7,37;81,54;0,908
AUT;Europe;Austria;2020-10-18;64495;2040;1401,429;907;6;7;7161,019;226,506;155,604;100,706;0,666;0,777;1938028;11258;215,183;1,25;18395;2,042;13,126;0,076;tests performed;;9006400;106,749;44,4;19,202;13,748;45436,686;0,7;145,183;6,35;28,4;30,9;;7,37;81,54;0,908
AUT;Europe;Austria;2020-10-19;65557;1062;1367,714;910;3;6,571;7278,935;117,916;151,86;101,039;0,333;0,73;1952578;14550;216,799;1,616;18521;2,056;13,542;0,074;tests performed;;9006400;106,749;44,4;19,202;13,748;45436,686;0,7;145,183;6,35;28,4;30,9;;7,37;81,54;0,908
AUT;Europe;Austria;2020-10-20;66611;1054;1431,429;919;9;7,143;7395,963;117,028;158,935;102,039;0,999;0,793;1972047;19469;218,961;2,162;18201;2,021;12,715;0,079;tests performed;;9006400;106,749;44,4;19,202;13,748;45436,686;0,7;145,183;6,35;28,4;30,9;;7,37;81,54;0,908
AUT;Europe;Austria;2020-10-21;68414;1803;1521,714;927;8;6,857;7596,154;200,191;168,959;102,927;0,888;0,761;1993124;21077;221,301;2,34;18779;2,085;12,341;0,081;tests performed;;9006400;106,749;44,4;19,202;13,748;45436,686;0,7;145,183;6,35;28,4;30,9;;7,37;81,54;0,908
AUT;Europe;Austria;2020-10-22;70769;2355;1628,714;940;13;7,429;7857,635;261,481;180,84;104,37;1,443;0,825;2018402;25278;224,108;2,807;19560;2,172;12,009;0,083;tests performed;;9006400;106,749;44,4;19,202;13,748;45436,686;0,7;145,183;6,35;28,4;30,9;;7,37;81,54;0,908
AUT;Europe;Austria;2020-10-23;73339;2570;1796,429;957;17;9;8142,987;285,353;199,461;106,258;1,888;0,999;;;;;;;;;;;9006400;106,749;44,4;19,202;13,748;45436,686;0,7;145,183;6,35;28,4;30,9;;7,37;81,54;0,908
AUT;Europe;Austria;2020-10-24;76781;3442;2046,571;972;15;10,143;8525,16;382,173;227,235;107,923;1,665;1,126;;;;;;;;;;;9006400;106,749;44,4;19,202;13,748;45436,686;0,7;145,183;6,35;28,4;30,9;;7,37;81,54;0,908
